;time(s);operating_temp(C);operating_press(bar);liquid_level(m)
0;0;55.4;6.55;2.2
1;1;55.7;6.6;2.1
2;2;55.3;6.95;2.2
3;3;55.7;6.15;1.65
4;4;55.2;6.65;2.2
5;5;55.95;6.9;2.1
6;6;55.55;6.2;2.45
7;7;55.15;6.25;2.15
8;8;55.75;6.6;1.6
9;9;55.9;6.4;2.4
10;10;55.1;6.95;2.3
11;11;55.15;6.75;2.4
12;12;55.35;6.95;1.8
13;13;55.7;6.3;2.2
14;14;55.55;6.25;1.85
15;15;55.85;6.75;1.8
16;16;55.6;6.7;1.85
17;17;55.8;6.95;1.75
18;18;55.1;6.4;2.3
19;19;55.8;6.2;1.6
20;20;55.2;6.8;2.15
21;21;55.5;6.6;2.25
22;22;55.35;6.35;2.05
23;23;55.75;6.45;2.05
24;24;55.45;6.3;1.85
25;25;55.15;6.45;2.2
26;26;55.5;6.8;1.65
27;27;55.5;6.6;1.85
28;28;55.25;6.1;2.3
29;29;55.55;6.1;1.85
30;30;55.9;6.85;1.7
31;31;55.4;6.25;1.9
32;32;55.15;6.2;1.9
33;33;55.85;6.65;2
34;34;55.2;6.1;1.95
35;35;55.8;6.1;2.3
36;36;55.55;6.9;2.2
37;37;55.55;6.75;1.8
38;38;55.8;6.95;2
39;39;55.85;6.85;2.05
40;40;55.3;6.55;2.45
41;41;55.75;6.9;2.05
42;42;55.55;6.9;2.25
43;43;55.9;6.65;1.9
44;44;55.6;6.95;2
45;45;55.75;6.55;2.1
46;46;55.75;6.5;2.4
47;47;55.8;6.4;2
48;48;55.3;6.3;2.05
49;49;55.75;6.2;2
50;50;55.25;6.35;2.15
51;51;55.35;6.55;2.25
52;52;55.15;6.95;1.65
53;53;55.55;6.1;1.9
54;54;55.85;6.45;2.3
55;55;55.4;6.45;1.9
56;56;55.45;6.85;2
57;57;55.65;6.25;1.9
58;58;55.35;6.6;2.15
59;59;55.2;6.1;1.7
60;60;55.45;6.85;2.35
61;61;55.15;6.55;2.35
62;62;55.4;6.2;1.65
63;63;55.9;6.7;1.95
64;64;55.35;6.5;1.65
65;65;55.85;6.1;2.45
66;66;55.65;6.8;2.3
67;67;55.1;6.75;2.2
68;68;55.7;6.6;1.75
69;69;55.1;6.55;2.4
70;70;55.8;6.7;1.95
71;71;55.1;6.75;2.15
72;72;55.55;6.9;1.7
73;73;55.95;6.9;2.05
74;74;55.3;6.8;1.9
75;75;55.95;6.25;1.7
76;76;55.7;6.95;1.7
77;77;55.25;6.45;1.9
78;78;55.1;6.2;2.2
79;79;55.8;6.75;2.05
80;80;55.8;6.85;2.45
81;81;55.75;6.15;1.75
82;82;55.2;6.1;2.45
83;83;55.8;6.55;2.4
84;84;55.35;6.65;1.65
85;85;55.4;6.25;2.25
86;86;55.2;6.75;2
87;87;55.25;6.55;2.45
88;88;55.65;6.25;2.05
89;89;55.25;6.2;2.15
90;90;55.6;6.15;2
91;91;55.4;6.45;1.8
92;92;55.15;6.25;2.45
93;93;55.8;6.85;1.6
94;94;55.3;6.1;1.75
95;95;55.2;6.95;2.25
96;96;55.3;6.1;2
97;97;55.3;6.75;1.75
98;98;55.9;6.8;1.95
99;99;55.5;6.4;2.2
100;100;55.45;6.15;1.65
101;101;55.4;6.6;1.95
102;102;55.5;6.95;1.85
103;103;55.5;6.3;1.65
104;104;55.25;6.35;2.4
105;105;55.7;6.8;1.7
106;106;55.25;6.25;1.6
107;107;55.7;6.7;2.15
108;108;55.55;6.3;2.05
109;109;55.7;6.45;1.8
110;110;55.85;6.7;2.45
111;111;55.55;6.75;2.2
112;112;55.95;6.5;1.9
113;113;55.65;6.4;1.75
114;114;55.55;6.8;2.1
115;115;55.3;6.65;2.05
116;116;55.2;6.25;1.65
117;117;55.1;6.95;1.8
118;118;55.6;6.15;1.75
119;119;55.3;6.4;2.2
120;120;55.6;6.9;1.75
121;121;55.95;6.85;2.45
122;122;55.5;6.1;2.2
123;123;55.75;6.6;1.8
124;124;55.8;6.7;2.1
125;125;55.8;6.35;2.45
126;126;55.55;6.35;2.35
127;127;55.8;6.65;2.45
128;128;55.35;6.3;2.15
129;129;55.65;6.95;2.05
130;130;55.9;6.25;2.4
131;131;55.8;6.1;2.4
132;132;55.75;6.4;1.85
133;133;55.55;6.65;2.1
134;134;55.4;6.95;1.75
135;135;55.95;6.9;1.7
136;136;55.6;6.45;1.95
137;137;55.5;6.35;1.7
138;138;55.35;6.25;2.3
139;139;55.9;6.85;2
140;140;55.4;6.75;1.85
141;141;55.3;6.55;2.25
142;142;55.7;6.85;2.35
143;143;55.6;6.75;1.75
144;144;55.2;6.6;1.95
145;145;55.2;6.25;1.85
146;146;55.3;6.95;2.3
147;147;55.6;6.75;1.6
148;148;55.5;6.7;2.3
149;149;55.95;6.65;2.3
150;150;55.65;6.1;2.45
151;151;55.5;6.35;2.3
152;152;55.4;6.1;2.35
153;153;55.5;6.85;1.7
154;154;55.7;6.15;2
155;155;55.5;6.95;2.35
156;156;55.6;6.15;2.45
157;157;55.15;6.6;1.7
158;158;55.55;6.75;2
159;159;55.3;6.35;1.85
160;160;55.1;6.3;1.7
161;161;55.8;6.2;1.8
162;162;55.25;6.3;2.25
163;163;55.2;6.9;1.8
164;164;55.35;6.6;2.2
165;165;55.55;6.65;2.45
166;166;55.2;6.3;1.95
167;167;55.15;6.7;1.8
168;168;55.8;6.35;2.05
169;169;55.25;6.65;1.65
170;170;55.75;6.1;2.1
171;171;55.55;6.9;2.35
172;172;55.85;6.25;1.65
173;173;55.35;6.7;1.85
174;174;55.4;6.45;2.45
175;175;55.2;6.55;2.2
176;176;55.95;6.25;2.3
177;177;55.75;6.8;2.4
178;178;55.15;6.6;2
179;179;55.95;6.25;1.75
180;180;55.5;6.95;2.15
181;181;55.9;6.85;1.9
182;182;55.95;6.6;2.15
183;183;55.45;6.65;1.95
184;184;55.9;6.15;2.45
185;185;55.85;6.6;2.4
186;186;55.6;6.4;1.7
187;187;55.7;6.45;2.25
188;188;55.45;6.85;1.6
189;189;55.85;6.15;1.6
190;190;55.8;6.55;2
191;191;55.75;6.35;2.1
192;192;55.15;6.35;2.15
193;193;55.4;6.8;2.05
194;194;55.95;6.85;2.2
195;195;55.1;6.45;1.9
196;196;55.5;6.65;2
197;197;55.45;6.6;2
198;198;55.6;6.6;2.45
199;199;55.25;6.8;2.05
200;200;55.15;6.65;1.75
201;201;55.25;6.55;1.9
202;202;55.6;6.15;2.15
203;203;55.5;6.35;2.25
204;204;55.8;6.1;1.8
205;205;55.85;6.5;2.15
206;206;55.15;6.75;2.05
207;207;55.7;6.1;2
208;208;55.4;6.9;1.9
209;209;55.8;6.7;1.9
210;210;55.8;6.4;2.3
211;211;55.4;6.95;1.6
212;212;55.9;6.2;2.4
213;213;55.7;6.55;2.25
214;214;55.9;6.7;2.4
215;215;55.7;6.35;2.3
216;216;55.7;6.7;1.95
217;217;55.55;6.45;2.05
218;218;55.6;6.95;1.65
219;219;55.85;6.6;1.65
220;220;55.45;6.2;1.9
221;221;55.35;6.75;2.3
222;222;55.6;6.6;2.1
223;223;55.55;6.6;2
224;224;55.55;6.25;1.9
225;225;55.15;6.65;1.6
226;226;55.75;6.55;2.45
227;227;55.45;6.6;2.1
228;228;55.1;6.45;1.75
229;229;55.95;6.95;2.4
230;230;55.6;6.95;2.3
231;231;55.55;6.9;2.2
232;232;55.65;6.5;2.1
233;233;55.85;6.7;2
234;234;55.15;6.35;1.8
235;235;55.8;6.25;2.1
236;236;55.55;6.3;2.05
237;237;55.75;6.7;2
238;238;55.4;6.75;2.4
239;239;55.1;6.9;1.65
240;240;55.6;6.2;1.65
241;241;55.7;6.85;2.3
242;242;55.1;6.5;2.35
243;243;55.65;6.35;2.15
244;244;55.15;6.55;1.65
245;245;55.3;6.9;2.4
246;246;55.25;6.85;1.75
247;247;55.4;6.85;2.1
248;248;55.3;6.75;2.45
249;249;55.8;6.6;2.35
250;250;55.6;6.5;2.25
251;251;55.65;6.15;1.85
252;252;55.4;6.25;2.45
253;253;55.4;6.85;2.15
254;254;55.3;6.75;2
255;255;55.35;6.3;2.45
256;256;55.85;6.75;2.35
257;257;55.55;6.85;1.85
258;258;55.2;6.65;1.65
259;259;55.55;6.25;1.6
260;260;55.55;6.2;2.4
261;261;55.6;6.6;1.95
262;262;55.95;6.2;2.3
263;263;55.15;6.1;1.65
264;264;55.25;6.15;2.35
265;265;55.4;6.7;2.05
266;266;55.75;6.25;2.15
267;267;55.4;6.3;1.85
268;268;55.55;6.5;2.2
269;269;55.25;6.95;1.85
270;270;55.1;6.6;2.1
271;271;55.8;6.2;1.9
272;272;55.8;6.5;2.15
273;273;55.75;6.55;2
274;274;55.65;6.15;1.8
275;275;55.3;6.55;1.8
276;276;55.9;6.8;1.7
277;277;55.75;6.25;1.6
278;278;55.5;6.75;2
279;279;55.65;6.55;2.1
280;280;55.1;6.4;1.9
281;281;55.65;6.15;1.95
282;282;55.75;6.6;2.3
283;283;55.35;6.7;2.3
284;284;55.25;6.9;1.6
285;285;55.75;6.35;2.1
286;286;55.15;6.85;2.4
287;287;55.3;6.5;1.6
288;288;55.5;6.2;1.65
289;289;55.5;6.45;2.1
290;290;55.45;6.15;2.15
291;291;55.1;6.8;1.75
292;292;55.15;6.15;1.6
293;293;55.45;6.9;2
294;294;55.65;6.9;1.95
295;295;55.6;6.1;2.15
296;296;55.3;6.1;1.6
297;297;55.15;6.55;1.6
298;298;55.1;6.8;2.45
299;299;55.8;6.45;2.35
300;300;55.2;6.1;2.1
301;301;55.55;6.8;1.95
302;302;55.95;6.55;1.8
303;303;55.6;6.3;1.6
304;304;55.15;6.55;1.75
305;305;55.45;6.85;2.25
306;306;55.2;6.1;1.85
307;307;55.9;6.95;2.2
308;308;55.35;6.2;2.15
309;309;55.8;6.75;1.9
310;310;55.25;6.5;2.25
311;311;55.7;6.1;2.05
312;312;55.3;6.85;2.35
313;313;55.45;6.25;1.6
314;314;55.45;6.6;1.65
315;315;55.55;6.4;2.4
316;316;55.6;6.1;2.1
317;317;55.35;6.75;1.85
318;318;55.1;6.55;2.4
319;319;55.5;6.45;2.4
320;320;55.75;6.7;1.85
321;321;55.35;6.85;2.05
322;322;55.55;6.75;2.2
323;323;55.1;6.15;1.65
324;324;55.9;6.65;1.8
325;325;55.65;6.65;2.25
326;326;55.3;6.65;2.4
327;327;55.4;6.8;1.85
328;328;55.95;6.2;2
329;329;55.85;6.35;2.35
330;330;55.7;6.5;2.3
331;331;55.35;6.7;1.65
332;332;55.45;6.8;2.4
333;333;55.15;6.55;1.8
334;334;55.95;6.5;1.85
335;335;55.6;6.35;2.05
336;336;55.2;6.25;2.45
337;337;55.8;6.8;1.65
338;338;55.75;6.6;1.95
339;339;55.1;6.1;2.15
340;340;55.65;6.7;2.45
341;341;55.85;6.1;1.9
342;342;55.9;6.85;2.4
343;343;55.35;6.8;1.75
344;344;55.4;6.7;1.75
345;345;55.55;6.3;2.1
346;346;55.45;6.7;2.05
347;347;55.4;6.75;1.75
348;348;55.35;6.7;1.6
349;349;55.45;6.8;1.85
350;350;55.6;6.1;1.65
351;351;55.55;6.45;1.7
352;352;55.15;6.15;2.25
353;353;55.25;6.4;1.7
354;354;55.2;6.4;1.9
355;355;55.45;6.55;1.65
356;356;55.2;6.65;2.45
357;357;55.2;6.6;1.95
358;358;55.25;6.85;2.45
359;359;55.15;6.55;2.25
360;360;55.65;6.4;2.1
361;361;55.3;6.7;2.3
362;362;55.5;6.65;2.15
363;363;55.25;6.15;1.85
364;364;55.9;6.5;2.4
365;365;55.55;6.6;1.6
366;366;55.45;6.95;1.7
367;367;55.15;6.55;1.95
368;368;55.75;6.5;1.65
369;369;55.8;6.25;2.1
370;370;55.1;6.7;2.15
371;371;55.65;6.95;1.65
372;372;55.5;6.85;2.25
373;373;55.95;6.2;2.35
374;374;55.25;6.65;1.9
375;375;55.15;6.9;2.45
376;376;55.55;6.6;1.6
377;377;55.65;6.7;1.95
378;378;55.85;6.35;1.65
379;379;55.45;6.4;2.1
380;380;55.15;6.55;2.15
381;381;55.65;6.9;1.95
382;382;55.5;6.1;2.45
383;383;55.8;6.55;1.8
384;384;55.3;6.95;1.85
385;385;55.9;6.9;1.85
386;386;55.2;6.3;2.3
387;387;55.65;6.9;2.25
388;388;55.85;6.9;2
389;389;55.45;6.5;1.95
390;390;55.85;6.25;2
391;391;55.85;6.7;2
392;392;55.35;6.8;1.7
393;393;55.35;6.6;1.75
394;394;55.3;6.95;2.35
395;395;55.55;6.15;1.65
396;396;55.2;6.4;2.15
397;397;55.3;6.75;2.35
398;398;55.45;6.9;2.15
399;399;55.9;6.75;2.1
400;400;55.3;6.25;2.45
401;401;55.4;6.75;2.35
402;402;55.4;6.35;2.45
403;403;55.95;6.1;1.9
404;404;55.15;6.6;2.35
405;405;55.75;6.1;1.95
406;406;55.55;6.2;2.05
407;407;55.7;6.15;1.6
408;408;55.15;6.3;2.2
409;409;55.95;6.5;2.1
410;410;55.85;6.1;2.15
411;411;55.85;6.7;1.95
412;412;55.65;6.6;2.05
413;413;55.8;6.35;2.15
414;414;55.1;6.55;1.6
415;415;55.4;6.6;2.15
416;416;55.15;6.25;1.95
417;417;55.8;6.15;1.8
418;418;55.1;6.6;1.9
419;419;55.5;6.75;2.25
420;420;55.5;6.2;1.95
421;421;55.4;6.9;2.45
422;422;55.15;6.4;1.65
423;423;55.7;6.7;2.1
424;424;55.8;6.6;2.35
425;425;55.35;6.4;2.35
426;426;55.9;6.75;1.75
427;427;55.8;6.5;1.9
428;428;55.1;6.2;2.35
429;429;55.9;6.55;2.3
430;430;55.8;6.45;1.65
431;431;55.8;6.55;1.7
432;432;55.85;6.8;2.35
433;433;55.3;6.45;2.35
434;434;55.15;6.8;2.25
435;435;55.45;6.7;1.95
436;436;55.55;6.1;2.35
437;437;55.5;6.4;1.65
438;438;55.3;6.7;2.45
439;439;55.3;6.2;1.85
440;440;55.95;6.8;2.45
441;441;55.35;6.95;2.05
442;442;55.75;6.95;2.2
443;443;55.35;6.85;1.6
444;444;55.8;6.1;1.7
445;445;55.85;6.25;1.95
446;446;55.4;6.2;2.4
447;447;55.9;6.25;1.9
448;448;55.15;6.35;2.3
449;449;55.95;6.1;2.4
450;450;55.35;6.9;2
451;451;55.65;6.25;2.35
452;452;55.6;6.85;2.05
453;453;55.15;6.55;2.1
454;454;55.65;6.3;1.7
455;455;55.35;6.6;2
456;456;55.7;6.65;1.8
457;457;55.8;6.55;2.35
458;458;55.3;6.55;2.35
459;459;55.65;6.1;1.6
460;460;55.65;6.5;2.3
461;461;55.75;6.4;1.9
462;462;55.6;6.5;2.4
463;463;55.1;6.4;2.1
464;464;55.75;6.2;1.7
465;465;55.65;6.2;1.95
466;466;55.75;6.55;2.3
467;467;55.35;6.95;1.8
468;468;55.3;6.5;2.15
469;469;55.45;6.55;2.2
470;470;55.65;6.75;1.7
471;471;55.35;6.55;1.8
472;472;55.85;6.15;2.3
473;473;55.4;6.65;2.05
474;474;55.75;6.3;1.7
475;475;55.3;6.5;2.15
476;476;55.4;6.45;2.1
477;477;55.7;6.1;2.4
478;478;55.25;6.7;1.6
479;479;55.4;6.55;2.4
480;480;55.85;6.1;2.3
481;481;55.2;6.1;1.9
482;482;55.35;6.3;2.25
483;483;55.35;6.35;1.65
484;484;55.55;6.8;1.7
485;485;55.45;6.8;1.75
486;486;55.8;6.75;2.25
487;487;55.9;6.25;2.15
488;488;55.85;6.65;1.8
489;489;55.75;6.35;1.8
490;490;55.3;6.45;2.2
491;491;55.95;6.3;1.9
492;492;55.9;6.3;2.45
493;493;55.85;6.2;2.35
494;494;55.4;6.85;2.2
495;495;55.75;6.65;2.35
496;496;55.4;6.5;1.65
497;497;55.1;6.15;1.7
498;498;55.35;6.7;2.15
499;499;55.85;6.9;2.1
500;500;55.8;6.8;1.85
501;501;55.8;6.95;1.65
502;502;55.9;6.8;1.7
503;503;55.75;6.1;1.65
504;504;55.7;6.3;2.1
505;505;55.6;6.95;2.3
506;506;55.1;6.95;2.45
507;507;55.75;6.4;1.65
508;508;55.7;6.15;2.3
509;509;55.15;6.35;1.95
510;510;55.7;6.5;2.05
511;511;55.4;6.15;1.85
512;512;55.65;6.8;1.65
513;513;55.75;6.95;2.3
514;514;55.25;6.9;1.95
515;515;55.65;6.3;2.45
516;516;55.4;6.9;2.3
517;517;55.95;6.35;1.85
518;518;55.1;6.1;2.4
519;519;55.15;6.9;1.9
520;520;55.45;6.2;2.15
521;521;55.45;6.45;2.25
522;522;55.2;6.6;2.45
523;523;55.55;6.4;2.35
524;524;55.35;6.4;2
525;525;55.85;6.95;1.7
526;526;55.25;6.7;1.75
527;527;55.45;6.15;1.95
528;528;55.15;6.75;2.1
529;529;55.4;6.15;2.25
530;530;55.8;6.8;1.65
531;531;55.2;6.8;2.15
532;532;55.95;6.3;2.15
533;533;55.7;6.25;2.15
534;534;55.15;6.2;1.8
535;535;55.6;6.45;1.6
536;536;55.35;6.4;2.2
537;537;55.95;6.2;2.2
538;538;55.55;6.5;1.9
539;539;55.15;6.9;1.9
540;540;55.55;6.55;1.95
541;541;55.9;6.85;2.4
542;542;55.9;6.65;1.65
543;543;55.75;6.1;1.65
544;544;55.85;6.35;2.05
545;545;55.2;6.25;1.95
546;546;55.25;6.8;2.4
547;547;55.4;6.7;2.15
548;548;55.15;6.7;1.85
549;549;55.4;6.25;1.85
550;550;55.55;6.7;1.75
551;551;55.1;6.8;2.1
552;552;55.1;6.3;2.1
553;553;55.9;6.85;1.75
554;554;55.15;6.45;1.7
555;555;55.85;6.75;2.25
556;556;55.45;6.9;1.75
557;557;55.45;6.9;1.85
558;558;55.25;6.5;2
559;559;55.35;6.45;2.1
560;560;55.85;6.1;2.2
561;561;55.75;6.2;1.95
562;562;55.95;6.3;2.1
563;563;55.7;6.95;2.45
564;564;55.8;6.45;1.75
565;565;55.6;6.55;2.35
566;566;55.8;6.8;2.1
567;567;55.45;6.95;2.05
568;568;55.1;6.5;2.25
569;569;55.55;6.7;1.6
570;570;55.6;6.8;2.45
571;571;55.4;6.65;2.1
572;572;55.25;6.25;2.15
573;573;55.95;6.85;2.1
574;574;55.65;6.35;1.6
575;575;55.2;6.1;1.6
576;576;55.9;6.25;2.2
577;577;55.2;6.25;2.4
578;578;55.15;6.2;1.85
579;579;55.55;6.85;2
580;580;55.45;6.1;1.65
581;581;55.95;6.7;1.85
582;582;55.35;6.2;2.25
583;583;55.95;6.15;2.2
584;584;55.85;6.4;2.05
585;585;55.9;6.1;2.45
586;586;55.3;6.45;2.45
587;587;55.8;6.75;1.95
588;588;55.6;6.65;2.1
589;589;55.95;6.1;2.35
590;590;55.25;6.15;1.95
591;591;55.65;6.55;1.95
592;592;55.5;6.95;2.2
593;593;55.2;6.8;1.75
594;594;55.6;6.95;2.35
595;595;55.65;6.7;1.95
596;596;55.6;6.5;1.8
597;597;55.35;6.25;2.3
598;598;55.7;6.25;2.2
599;599;55.7;6.3;2.1
600;600;55.4;6.5;1.8
601;601;55.85;6.7;2.2
602;602;55.45;6.95;2.05
603;603;55.15;6.5;1.7
604;604;55.4;6.2;1.7
605;605;55.25;6.3;2.25
606;606;55.15;6.6;2.4
607;607;55.95;6.25;2.45
608;608;55.9;6.15;1.8
609;609;55.6;6.9;2.35
610;610;55.45;6.15;2.3
611;611;55.4;6.35;1.9
612;612;55.1;6.25;2.2
613;613;55.4;6.65;2.15
614;614;55.55;6.4;2.2
615;615;55.55;6.3;2.4
616;616;55.75;6.3;1.8
617;617;55.4;6.3;2.1
618;618;55.85;6.55;1.8
619;619;55.35;6.25;2.15
620;620;55.4;6.45;1.6
621;621;55.95;6.35;2.1
622;622;55.75;6.5;2.45
623;623;55.4;6.65;1.85
624;624;55.5;6.15;2.45
625;625;55.8;6.8;2.4
626;626;55.85;6.3;2.45
627;627;55.95;6.4;1.6
628;628;55.75;6.7;2.4
629;629;55.1;6.1;1.75
630;630;55.5;6.85;2.3
631;631;55.25;6.45;2.1
632;632;55.45;6.9;2.2
633;633;55.35;6.75;2
634;634;55.7;6.85;1.65
635;635;55.55;6.9;1.95
636;636;55.95;6.55;2.25
637;637;55.7;6.15;1.7
638;638;55.2;6.15;1.85
639;639;55.35;6.75;1.8
640;640;55.55;6.5;1.95
641;641;55.85;6.3;1.65
642;642;55.95;6.95;2.2
643;643;55.15;6.1;1.8
644;644;55.8;6.65;1.9
645;645;55.3;6.35;2.45
646;646;55.75;6.2;2.25
647;647;55.7;6.15;2.3
648;648;55.4;6.8;1.85
649;649;55.7;6.65;2.1
650;650;55.9;6.55;2.3
651;651;55.7;6.9;1.7
652;652;55.15;6.55;2.25
653;653;55.4;6.25;2.15
654;654;55.8;6.45;2.35
655;655;55.4;6.35;1.85
656;656;55.45;6.5;1.75
657;657;55.1;6.95;2.25
658;658;55.35;6.85;2.3
659;659;55.95;6.9;1.65
660;660;55.3;6.4;1.85
661;661;55.9;6.3;2.2
662;662;55.3;6.75;1.65
663;663;55.55;6.6;2.2
664;664;55.25;6.7;2.45
665;665;55.45;6.45;2.3
666;666;55.85;6.5;1.75
667;667;55.5;6.4;2.2
668;668;55.6;6.2;1.8
669;669;55.35;6.35;1.9
670;670;55.15;6.1;2.45
671;671;55.65;6.25;2.15
672;672;55.15;6.55;1.95
673;673;55.8;6.15;2.3
674;674;55.15;6.85;1.8
675;675;55.55;6.55;2.35
676;676;55.75;6.25;1.8
677;677;55.95;6.6;2.4
678;678;55.55;6.5;1.75
679;679;55.5;6.5;2.35
680;680;55.2;6.15;2.4
681;681;55.6;6.2;2.4
682;682;55.45;6.3;1.85
683;683;55.1;6.65;1.8
684;684;55.1;6.75;2.25
685;685;55.4;6.85;1.8
686;686;55.15;6.85;2.2
687;687;55.3;6.9;2.4
688;688;55.75;6.85;2.2
689;689;55.45;6.25;1.8
690;690;55.9;6.95;2.4
691;691;55.3;6.5;2.4
692;692;55.45;6.7;1.8
693;693;55.1;6.7;2.1
694;694;55.35;6.35;1.8
695;695;55.55;6.65;1.8
696;696;55.3;6.3;2
697;697;55.75;6.75;1.95
698;698;55.1;6.65;2.25
699;699;55.25;6.3;1.65
700;700;55.55;6.2;2.15
701;701;55.2;6.25;2.05
702;702;55.5;6.3;1.9
703;703;55.85;6.4;2.1
704;704;55.3;6.65;2.2
705;705;55.25;6.25;1.65
706;706;55.2;6.85;2.45
707;707;55.15;6.45;2.15
708;708;55.5;6.3;1.65
709;709;55.15;6.65;2.4
710;710;55.3;6.6;1.7
711;711;55.1;6.7;1.7
712;712;55.95;6.4;1.85
713;713;55.1;6.4;2.05
714;714;55.6;6.6;2.4
715;715;55.55;6.1;2.2
716;716;55.7;6.2;2
717;717;55.15;6.2;1.8
718;718;55.15;6.4;2
719;719;55.3;6.6;2.4
720;720;55.75;6.45;2.1
721;721;55.35;6.45;2.1
722;722;55.35;6.7;2.05
723;723;55.5;6.85;2
724;724;55.45;6.15;1.65
725;725;55.6;6.95;2.45
726;726;55.55;6.45;1.6
727;727;55.5;6.75;1.7
728;728;55.9;6.5;2.05
729;729;55.15;6.45;1.75
730;730;55.45;6.8;1.8
731;731;55.85;6.3;2.45
732;732;55.55;6.9;2.35
733;733;55.95;6.35;2.25
734;734;55.4;6.3;2.2
735;735;55.4;6.8;2.35
736;736;55.6;6.95;2.3
737;737;55.9;6.5;1.6
738;738;55.85;6.55;2.15
739;739;55.25;6.55;2.4
740;740;55.75;6.4;2
741;741;55.2;6.55;2
742;742;55.2;6.45;2.4
743;743;55.55;6.7;1.65
744;744;55.55;6.7;1.9
745;745;55.3;6.85;1.7
746;746;55.85;6.7;1.65
747;747;55.4;6.25;2.25
748;748;55.75;6.75;1.65
749;749;55.85;6.75;1.9
750;750;55.25;6.2;1.8
751;751;55.35;6.25;2
752;752;55.75;6.75;2.3
753;753;55.25;6.75;2.15
754;754;55.6;6.75;2.15
755;755;55.4;6.25;2.1
756;756;55.65;6.9;1.9
757;757;55.15;6.2;1.65
758;758;55.55;6.5;2
759;759;55.35;6.3;2.25
760;760;55.8;6.45;2.15
761;761;55.1;6.95;2.15
762;762;55.55;6.6;2.05
763;763;55.4;6.8;1.95
764;764;55.7;6.6;2.4
765;765;55.2;6.1;2.3
766;766;55.45;6.45;2.05
767;767;55.4;6.8;2.3
768;768;55.55;6.85;2.4
769;769;55.3;6.9;1.95
770;770;55.95;6.8;2.3
771;771;55.95;6.45;1.6
772;772;55.7;6.9;1.95
773;773;55.15;6.7;1.8
774;774;55.5;6.8;1.7
775;775;55.9;6.6;2.35
776;776;55.6;6.45;1.9
777;777;55.1;6.95;1.65
778;778;55.7;6.55;2.25
779;779;55.75;6.5;1.65
780;780;55.4;6.55;1.85
781;781;55.65;6.45;2.35
782;782;55.4;6.3;2.2
783;783;55.2;6.1;1.8
784;784;55.45;6.3;2.4
785;785;55.55;6.9;1.95
786;786;55.85;6.6;2
787;787;55.45;6.75;1.95
788;788;55.8;6.5;2.4
789;789;55.2;6.7;2.35
790;790;55.95;6.8;1.8
791;791;55.85;6.5;1.95
792;792;55.5;6.25;1.65
793;793;55.5;6.7;2.45
794;794;55.85;6.35;2
795;795;55.15;6.4;2.2
796;796;55.75;6.55;2.15
797;797;55.55;6.9;1.65
798;798;55.95;6.15;2.3
799;799;55.8;6.6;1.95
800;800;55.85;6.75;1.75
801;801;55.35;6.85;1.85
802;802;55.55;6.4;2
803;803;55.7;6.15;2.15
804;804;55.95;6.65;2
805;805;55.25;6.75;1.6
806;806;55.25;6.15;1.9
807;807;55.75;6.5;2.4
808;808;55.75;6.55;1.8
809;809;55.55;6.1;2.45
810;810;55.3;6.8;2.35
811;811;55.45;6.55;2.3
812;812;55.8;6.3;2.3
813;813;55.7;6.15;1.65
814;814;55.45;6.1;2
815;815;55.15;6.65;1.95
816;816;55.8;6.15;2.3
817;817;55.95;6.35;2
818;818;55.25;6.95;2.05
819;819;55.95;6.5;2.05
820;820;55.85;6.7;1.7
821;821;55.45;6.1;1.6
822;822;55.65;6.3;1.65
823;823;55.85;6.55;1.75
824;824;55.45;6.75;1.7
825;825;55.65;6.65;1.65
826;826;55.75;6.3;1.65
827;827;55.65;6.85;1.65
828;828;55.35;6.9;1.6
829;829;55.95;6.1;2.35
830;830;55.45;6.8;1.6
831;831;55.1;6.45;1.6
832;832;55.8;6.15;2.25
833;833;55.6;6.9;1.8
834;834;55.9;6.75;2.15
835;835;55.8;6.8;1.8
836;836;55.7;6.15;1.9
837;837;55.35;6.95;2.2
838;838;55.1;6.6;2.15
839;839;55.75;6.65;1.8
840;840;55.5;6.1;2.1
841;841;55.8;6.85;1.6
842;842;55.15;6.75;2
843;843;55.7;6.3;1.6
844;844;55.4;6.9;1.95
845;845;55.75;6.7;1.9
846;846;55.85;6.65;2.1
847;847;55.55;6.15;2.2
848;848;55.35;6.2;2.2
849;849;55.9;6.25;2.05
850;850;55.55;6.4;1.9
851;851;55.6;6.55;2.1
852;852;55.5;6.85;1.65
853;853;55.1;6.25;2.4
854;854;55.5;6.35;1.8
855;855;55.3;6.7;2
856;856;55.95;6.1;2.35
857;857;55.75;6.75;2.1
858;858;55.6;6.65;1.7
859;859;55.6;6.9;2.1
860;860;55.8;6.6;1.65
861;861;55.55;6.35;1.95
862;862;55.85;6.25;2.2
863;863;55.95;6.65;1.75
864;864;55.3;6.45;2
865;865;55.1;6.25;1.65
866;866;55.55;6.25;1.75
867;867;55.15;6.75;1.7
868;868;55.8;6.6;2.35
869;869;55.5;6.85;1.7
870;870;55.6;6.25;2.15
871;871;55.3;6.85;2.4
872;872;55.85;6.25;2.45
873;873;55.25;6.35;1.6
874;874;55.45;6.55;2.3
875;875;55.3;6.75;1.8
876;876;55.35;6.85;2.1
877;877;55.5;6.35;2.35
878;878;55.7;6.75;2.3
879;879;55.5;6.7;1.8
880;880;55.7;6.8;1.85
881;881;55.5;6.75;2.1
882;882;55.15;6.95;2.25
883;883;55.2;6.55;1.65
884;884;55.5;6.35;1.9
885;885;55.15;6.5;2.1
886;886;55.65;6.15;2
887;887;55.3;6.75;2.2
888;888;55.25;6.65;1.75
889;889;55.15;6.3;2.25
890;890;55.25;6.1;2.4
891;891;55.25;6.35;1.6
892;892;55.2;6.35;2.05
893;893;55.25;6.2;2.3
894;894;55.1;6.8;2.3
895;895;55.6;6.95;1.85
896;896;55.25;6.3;2.2
897;897;55.3;6.4;2.05
898;898;55.1;6.35;2.35
899;899;55.55;6.25;1.65
900;900;55.75;6.45;2.2
901;901;55.1;6.15;1.65
902;902;55.15;6.75;1.6
903;903;55.4;6.65;2.3
904;904;55.3;6.65;2.15
905;905;55.55;6.35;2.15
906;906;55.95;6.65;2.1
907;907;55.3;6.15;2.45
908;908;55.55;6.85;1.65
909;909;55.55;6.45;2.05
910;910;55.6;6.6;2.4
911;911;55.8;6.25;2.4
912;912;55.35;6.85;2.25
913;913;55.5;6.1;2.15
914;914;55.2;6.5;1.7
915;915;55.8;6.25;1.7
916;916;55.35;6.8;2.05
917;917;55.9;6.4;2.3
918;918;55.1;6.15;1.75
919;919;55.65;6.2;2.25
920;920;55.2;6.95;1.95
921;921;55.45;6.4;2.35
922;922;55.4;6.4;1.6
923;923;55.45;6.25;1.9
924;924;55.85;6.2;2.35
925;925;55.6;6.25;1.85
926;926;55.25;6.6;2.15
927;927;55.8;6.65;2.05
928;928;55.8;6.25;1.8
929;929;55.5;6.35;1.9
930;930;55.3;6.4;2.05
931;931;55.9;6.6;2
932;932;55.45;6.1;1.75
933;933;55.65;6.1;2.3
934;934;55.9;6.45;2.25
935;935;55.45;6.45;2.3
936;936;55.95;6.9;1.9
937;937;55.2;6.45;2.2
938;938;55.15;6.3;2.1
939;939;55.25;6.45;2
940;940;55.1;6.4;2
941;941;55.4;6.2;1.7
942;942;55.2;6.7;2.45
943;943;55.65;6.4;2
944;944;55.65;6.1;2.15
945;945;55.2;6.95;1.8
946;946;55.7;6.4;1.75
947;947;55.95;6.55;2
948;948;55.3;6.2;1.75
949;949;55.35;6.25;1.65
950;950;55.85;6.65;2.25
951;951;55.4;6.6;1.7
952;952;55.75;6.8;1.7
953;953;55.8;6.55;1.8
954;954;55.5;6.7;1.85
955;955;55.95;6.65;2.05
956;956;55.35;6.4;2.15
957;957;55.6;6.25;1.95
958;958;55.4;6.2;2.05
959;959;55.55;6.9;2.15
960;960;55.4;6.35;1.9
961;961;55.65;6.3;1.9
962;962;55.85;6.95;2.25
963;963;55.7;6.1;1.6
964;964;55.35;6.7;2.45
965;965;55.1;6.85;1.75
966;966;55.3;6.1;2.15
967;967;55.4;6.35;2
968;968;55.15;6.45;2.1
969;969;55.15;6.15;2.35
970;970;55.9;6.55;2
971;971;55.45;6.65;2.3
972;972;55.85;6.2;2.2
973;973;55.85;6.7;1.6
974;974;55.6;6.2;2.2
975;975;55.85;6.55;2.1
976;976;55.6;6.25;1.85
977;977;55.25;6.15;2.25
978;978;55.7;6.15;2.05
979;979;55.2;6.25;1.6
980;980;55.2;6.65;2.4
981;981;55.35;6.55;1.8
982;982;55.15;6.5;2.2
983;983;55.5;6.75;1.7
984;984;55.3;6.15;1.85
985;985;55.9;6.9;1.7
986;986;55.9;6.9;2.1
987;987;55.5;6.4;2
988;988;55.95;6.45;2
989;989;55.55;6.65;2.35
990;990;55.35;6.8;1.65
991;991;55.1;6.1;2.3
992;992;55.4;6.2;1.7
993;993;55.7;6.65;1.85
994;994;55.45;6.7;1.65
995;995;55.75;6.75;1.85
996;996;55.95;6.5;2.1
997;997;55.8;6.45;2.3
998;998;55.9;6.45;1.75
999;999;55.55;6.75;2.15
1000;1000;56.5;6.95;1.75
1001;1001;56.4;7.25;1.65
1002;1002;56.5;7.7;2.15
1003;1003;56.25;7.1;2.3
1004;1004;56.95;7.65;1.9
1005;1005;56.6;6.95;1.65
1006;1006;56.75;6.5;1.75
1007;1007;56.25;6.45;2.05
1008;1008;56.5;6.5;2.2
1009;1009;56.75;7.75;2.25
1010;1010;56.45;6.9;2.15
1011;1011;56.45;7.1;1.95
1012;1012;56.7;7.4;2.4
1013;1013;56.3;7;2.1
1014;1014;56.85;7.6;1.6
1015;1015;56.25;7.05;1.6
1016;1016;56.7;7.5;2.1
1017;1017;56.65;6.45;1.7
1018;1018;56.55;6.75;2.35
1019;1019;56.2;7.4;1.75
1020;1020;56.85;6.75;1.6
1021;1021;56.35;7;2.1
1022;1022;56.3;6.1;2.3
1023;1023;56.4;7.65;1.9
1024;1024;56.65;6.2;2.15
1025;1025;56.8;6.35;2.15
1026;1026;56.15;6.8;2.25
1027;1027;56.6;7.95;2.1
1028;1028;56.15;6.55;2.3
1029;1029;56.8;7.5;1.6
1030;1030;56.95;7.05;1.7
1031;1031;56.35;6.9;2.3
1032;1032;56.6;7.3;1.7
1033;1033;56.55;6.45;1.6
1034;1034;56.2;6.8;1.75
1035;1035;56.1;7.3;2
1036;1036;56.7;7.05;2.25
1037;1037;56.7;6.9;1.6
1038;1038;56.3;6.65;2.25
1039;1039;56.35;6.95;1.65
1040;1040;56.3;7.4;1.95
1041;1041;56.8;6.2;2.4
1042;1042;56.7;7.5;2.35
1043;1043;56.7;6.75;1.95
1044;1044;56.15;6.5;1.8
1045;1045;56.65;7.65;1.85
1046;1046;56.8;6.65;1.75
1047;1047;56.15;6.7;2
1048;1048;56.75;6.25;2.15
1049;1049;56.65;6.2;1.95
1050;1050;56.8;6.95;2.4
1051;1051;56.85;7.3;1.7
1052;1052;56.95;6.8;2.1
1053;1053;56.3;6.8;2.1
1054;1054;56.6;7.5;1.8
1055;1055;56.45;7.7;1.95
1056;1056;56.45;7.1;2.25
1057;1057;56.1;6.4;2.4
1058;1058;56.5;6.3;2.1
1059;1059;56.7;7.35;2.45
1060;1060;56.4;6.25;2
1061;1061;56.55;7.9;2.45
1062;1062;56.65;6.45;2.45
1063;1063;56.7;7.3;2.45
1064;1064;56.15;7.4;2.1
1065;1065;56.25;7.45;1.9
1066;1066;56.4;7.65;2.05
1067;1067;56.65;6.95;2.2
1068;1068;56.95;7.95;2.25
1069;1069;56.95;6.55;2.15
1070;1070;56.6;7.45;1.75
1071;1071;56.85;6.1;2.3
1072;1072;56.4;6.25;2.35
1073;1073;56.25;6.3;2.15
1074;1074;56.4;6.65;2.1
1075;1075;56.25;6.35;2.35
1076;1076;56.9;7.45;2.15
1077;1077;56.95;7.95;1.65
1078;1078;56.7;7.3;1.6
1079;1079;56.3;7.75;2.05
1080;1080;56.9;6.65;2.4
1081;1081;56.8;6.9;1.95
1082;1082;56.6;6.5;2.3
1083;1083;56.85;7.85;2.1
1084;1084;56.65;6.85;2.1
1085;1085;56.8;6.8;2.45
1086;1086;56.65;7.85;1.95
1087;1087;56.95;6.8;2.15
1088;1088;56.8;6.35;2.4
1089;1089;56.6;7.6;2.05
1090;1090;56.45;6.85;2.2
1091;1091;56.1;6.4;1.8
1092;1092;56.25;6.35;1.8
1093;1093;56.55;7.5;2.4
1094;1094;56.35;6.25;1.75
1095;1095;56.25;7.15;2
1096;1096;56.2;6.75;2.3
1097;1097;56.5;7.95;1.7
1098;1098;56.25;6.4;2.15
1099;1099;56.55;7.55;2.45
1100;1100;59.65;9.15;1.75
1101;1101;59.25;9.95;1.95
1102;1102;59.65;9.05;1.35
1103;1103;59.65;10.7;1.25
1104;1104;59.75;9.8;1.35
1105;1105;59.55;9.25;1.25
1106;1106;59.7;10.2;1.7
1107;1107;59.3;9.5;1.1
1108;1108;59.2;10.55;1.4
1109;1109;59.35;9.6;1.5
1110;1110;59.6;10.8;1.55
1111;1111;59.6;10.8;1.7
1112;1112;59.25;9.6;1.15
1113;1113;59.1;10.05;1.5
1114;1114;59.4;10.15;1.15
1115;1115;59.9;10.35;1.85
1116;1116;59.35;9.45;1.5
1117;1117;59.3;10.8;1.2
1118;1118;59.7;9.75;1.7
1119;1119;59.85;10.05;1.65
1120;1120;59.4;9.65;1.15
1121;1121;59.1;9.55;1.4
1122;1122;59.1;10.7;1.75
1123;1123;59.95;9;1.55
1124;1124;59.75;9.25;1.55
1125;1125;59.95;10.85;1.6
1126;1126;59.1;9.3;1.35
1127;1127;59.6;10.6;1.5
1128;1128;59.7;9.15;1.55
1129;1129;59.2;9.95;1.1
1130;1130;59.1;9;1.4
1131;1131;59.3;9.7;1.65
1132;1132;59.8;9.95;1.8
1133;1133;59.8;9.3;1.1
1134;1134;59.15;9.8;1.65
1135;1135;59.8;10.65;1.1
1136;1136;59.1;9.35;1.15
1137;1137;59.2;9.45;1.25
1138;1138;59.55;9;1.85
1139;1139;59.95;10.4;1.45
1140;1140;59.6;10.65;1.3
1141;1141;59.25;9.8;1.45
1142;1142;59.7;10.9;1.5
1143;1143;59.7;10.25;1.5
1144;1144;59.15;10.75;1.5
1145;1145;59.5;9.55;1.85
1146;1146;59.4;10;1.3
1147;1147;59.25;10.65;1.3
1148;1148;59.35;9.4;1.2
1149;1149;59.2;9.45;1.4
1150;1150;59.25;9;1.15
1151;1151;59.15;10.8;1.6
1152;1152;59.6;10.95;1.7
1153;1153;59.65;10.8;1.45
1154;1154;59.75;10.65;1.35
1155;1155;59.9;10.75;1.45
1156;1156;59.25;10.6;1.4
1157;1157;59.5;9.45;1.3
1158;1158;59.9;10.9;1.25
1159;1159;59.5;10.5;1.5
1160;1160;59.2;9.8;1.15
1161;1161;59.75;10.3;1.65
1162;1162;59.85;9.7;1.15
1163;1163;59.25;10.7;1.6
1164;1164;59.25;9.1;1.65
1165;1165;59.2;10.2;1.3
1166;1166;59.9;9.1;1.5
1167;1167;59.4;10.45;1.9
1168;1168;59.1;9;1.95
1169;1169;59.55;10.05;1.15
1170;1170;59.1;9.65;1.7
1171;1171;59.9;10.1;1.95
1172;1172;59.45;10.1;1.95
1173;1173;59.9;9.4;1.85
1174;1174;59.65;9;1.25
1175;1175;59.6;9.7;1.35
1176;1176;59.35;9.2;1.85
1177;1177;59.9;9.65;1.9
1178;1178;59.5;9.15;1.25
1179;1179;59.1;9.45;1.25
1180;1180;59.95;9.25;1.25
1181;1181;59.65;10.05;1.5
1182;1182;59.15;9.65;1.75
1183;1183;59.95;9.9;1.45
1184;1184;59.65;10.6;1.25
1185;1185;59.55;10.05;1.15
1186;1186;59.55;10.9;1.6
1187;1187;59.85;9.2;1.6
1188;1188;59.5;9.35;1.15
1189;1189;59.95;9.65;1.35
1190;1190;59.85;10.95;1.4
1191;1191;59.2;10.6;1.95
1192;1192;59.8;9.75;1.65
1193;1193;59.9;9.6;1.75
1194;1194;59.7;9.75;1.6
1195;1195;59.45;9.1;1.75
1196;1196;59.5;9.4;1.7
1197;1197;59.55;10.2;1.4
1198;1198;59.8;9.2;1.45
1199;1199;59.2;9.75;1.35
1200;1200;61.95;10.7;1.2
1201;1201;61.61;11.5;0.9
1202;1202;61.4;11.6;1.3
1203;1203;61.75;11.25;1.15
1204;1204;61.9;11.15;1.3
1205;1205;61.7;12.4;1.2
1206;1206;61.75;11.95;1.5
1207;1207;62.3;10.85;1.3
1208;1208;62.9;12;1
1209;1209;62.6;11.8;1.6
1210;1210;62.35;11.3;1.3
1211;1211;62.7;11.95;1.63
1212;1212;63.45;12.4;1.1
1213;1213;63.85;11.05;0.9
1214;1214;63.6;11.4;1
1215;1215;63.45;10.63;1
1216;1216;63.3;11.55;0.8
1217;1217;63.64;11.95;1
1218;1218;64.9;12.4;1.25
1219;1219;64.25;10.55;1.15
1220;1220;64.25;11.15;1.5
1221;1221;64.75;10.9;1.15
1222;1222;64.3;12.05;1.64
1223;1223;64.3;11.9;1.15
1224;1224;64.7;11.75;1.05
1225;1225;64.55;12.05;0.95
1226;1226;64.1;10.6;1.6
1227;1227;64.55;11.2;1.64
1228;1228;64.15;10.95;1.4
1229;1229;64.64;11.8;1.05
1230;1230;64.45;10.55;1.05
1231;1231;65.35;11.8;1.2
1232;1232;65.55;10.8;1.1
1233;1233;65.9;11.55;1.6
1234;1234;65.35;11.05;1.1
1235;1235;65.2;12.4;1.4
1236;1236;65.9;11.15;0.8
1237;1237;65.9;11.9;0.9
1238;1238;65.2;10.5;1.6
1239;1239;65.3;11.25;0.8
1240;1240;65.2;11.45;0.8
1241;1241;65.45;10.7;1.2
1242;1242;65.15;11.05;0.95
1243;1243;65.55;12.2;0.95
1244;1244;66.8;11.3;1.05
1245;1245;66.2;11.55;1.15
1246;1246;66.4;12;0.95
1247;1247;66.8;11.45;1.4
1248;1248;66.95;10.9;1.55
1249;1249;66.6;10.8;1.6
1250;1250;66.6;11.6;1.1
1251;1251;66.2;11.7;1.55
1252;1252;66.5;10.85;1.45
1253;1253;66.15;12;1.5
1254;1254;67.4;11.7;1.15
1255;1255;67.2;12.4;1.05
1256;1256;67.5;12;0.9
1257;1257;67.5;10.9;1.45
1258;1258;67.95;10.8;1.05
1259;1259;67.67;10.7;1.25
1260;1260;67.5;11.8;1.15
1261;1261;67.7;12.25;1.05
1262;1262;67.1;10.95;1.2
1263;1263;67.67;12.4;1.6
1264;1264;67.8;12.15;1.15
1265;1265;67.55;11.9;1.6
1266;1266;68.9;11.15;1.6
1267;1267;68.1;10.55;1.45
1268;1268;68.15;10.8;1.25
1269;1269;68.3;11.25;1.68
1270;1270;68.25;11.4;1.3
1271;1271;68.2;11.7;1.4
1272;1272;68.9;10.85;1.55
1273;1273;68.68;11.15;1.45
1274;1274;68.7;12.3;1.1
1275;1275;68.85;11.25;1.15
1276;1276;68.3;10.5;1.5
1277;1277;69.5;12.35;1.5
1278;1278;69.15;12.45;1.25
1279;1279;69.3;10.55;1.4
1280;1280;69.7;12.3;0.8
1281;1281;69.8;11.25;1.25
1282;1282;69.1;10.6;1.6
1283;1283;69.8;10.6;0.85
1284;1284;69.45;11.45;1.3
1285;1285;69.9;12.25;1.35
1286;1286;69.4;11.75;1.69
1287;1287;69.3;11.25;1.4
1288;1288;70.7;10.6;1.15
1289;1289;70.95;11.7;0.95
1290;1290;70.8;11.55;0.9
1291;1291;70.35;11.85;0.95
1292;1292;70.9;12.35;1.1
1293;1293;70.35;12.15;1.55
1294;1294;70.25;11.25;1.7
1295;1295;70.15;11.8;0.9
1296;1296;70.5;11.05;1.1
1297;1297;70.9;11;0.95
1298;1298;70.1;10.9;1
1299;1299;70.9;11.3;1.1
1300;1300;70.5;11.05;1.2
1301;1301;70.4;11.15;1.25
1302;1302;70.95;12.25;1.35
1303;1303;70.8;11.4;1.1
1304;1304;70.2;11.6;1.35
1305;1305;70.75;11.4;1.25
1306;1306;70.85;11.1;1.4
1307;1307;71.75;10.75;1.5
1308;1308;71.2;10.8;0.95
1309;1309;71.4;12;1.05
1310;1310;71.2;11.45;0.95
1311;1311;71.55;12.4;0.9
1312;1312;71.95;11.5;1.05
1313;1313;71.15;11.85;1.71
1314;1314;71.2;10.75;1.25
1315;1315;71.5;11.75;1.2
1316;1316;71.4;12.25;1.4
1317;1317;71.95;10.8;1.5
1318;1318;71.7;10.6;1.25
1319;1319;71.6;11.9;1.71
1320;1320;71.7;12.2;1.4
1321;1321;71.8;11.75;1.6
1322;1322;71.25;11.2;1.2
1323;1323;71.75;11;1.15
1324;1324;72.8;10.75;1.45
1325;1325;72.35;12.15;1.25
1326;1326;72.72;11.15;1.35
1327;1327;72.72;11.2;0.8
1328;1328;72.2;12.3;1.35
1329;1329;72.9;12.2;1.5
1330;1330;72.25;11.95;1.15
1331;1331;72.55;10.6;1.45
1332;1332;72.72;10.75;1.2
1333;1333;72.95;10.6;1.1
1334;1334;72.1;11.05;1.45
1335;1335;72.6;11.3;1.05
1336;1336;72.7;11.45;1.05
1337;1337;72.1;11.95;1.55
1338;1338;72.95;12;0.85
1339;1339;72.85;11.6;1.72
1340;1340;72.2;12.2;1.1
1341;1341;72.7;10.7;0.95
1342;1342;72.6;12.25;1.6
1343;1343;72.55;12.3;0.95
1344;1344;72.1;10.8;1.45
1345;1345;72.6;10.6;1.35
1346;1346;72.3;12.15;0.85
1347;1347;72.3;12.3;0.85
1348;1348;72.55;11.6;1.4
1349;1349;72.5;10.75;1.73
1350;1350;73.5;11.73;1.4
1351;1351;73.95;11.9;0.9
1352;1352;73.25;10.5;1.2
1353;1353;73.35;11.2;1.05
1354;1354;73.2;11.15;0.9
1355;1355;73.4;10.75;1.73
1356;1356;73.75;12.3;0.9
1357;1357;73.3;11.95;1.55
1358;1358;73.6;11.25;1.1
1359;1359;73.3;12.45;1.5
1360;1360;73.7;11.35;1.5
1361;1361;73.75;11.55;1
1362;1362;73.15;12.05;1.73
1363;1363;73.2;11.95;1.6
1364;1364;73.3;10.55;1.1
1365;1365;73.75;11.45;1.3
1366;1366;73.8;10.5;1.15
1367;1367;74.1;10.85;1.74
1368;1368;74.3;10.75;1.2
1369;1369;74.3;12;1.4
1370;1370;74.15;12.05;1.4
1371;1371;74.1;10.6;1.1
1372;1372;74.74;10.75;1.05
1373;1373;74.95;10.6;1
1374;1374;74.35;11.25;1.25
1375;1375;74.7;11.8;1.15
1376;1376;74.35;10.8;1.5
1377;1377;74.74;11.6;1.15
1378;1378;74.75;11.7;1.6
1379;1379;74.95;11.85;1.35
1380;1380;74.8;10.8;1.4
1381;1381;74.95;11.45;0.8
1382;1382;74.1;10.7;0.95
1383;1383;74.7;11.15;1.4
1384;1384;74.85;12.15;1.5
1385;1385;74.7;11.9;1.45
1386;1386;74.25;10.85;1.15
1387;1387;74.2;10.8;1.15
1388;1388;74.8;12.25;1.74
1389;1389;74.75;10.9;1.25
1390;1390;74.55;11.8;1.3
1391;1391;74.55;11.05;1.15
1392;1392;74.4;11.15;1.15
1393;1393;74.7;11.95;1.25
1394;1394;74.3;11;1.5
1395;1395;74.4;12.05;1.35
1396;1396;74.7;11.75;1.2
1397;1397;74.35;12.45;1.45
1398;1398;74.74;12.2;1.55
1399;1399;74.15;11.7;0.8
1400;1400;75.4;11.25;0.9
1401;1401;75.45;12.85;1.35
1402;1402;75.1;12.55;0.85
1403;1403;75.15;12.55;1.35
1404;1404;75.15;12.25;1.05
1405;1405;75.65;12.65;1.15
1406;1406;75.5;12.85;1.3
1407;1407;75.7;12.65;0.75
1408;1408;75.35;12.9;1.15
1409;1409;75.55;11.05;1
1410;1410;75.2;12.85;1.3
1411;1411;75.55;11.7;1.1
1412;1412;75.85;12.45;1.4
1413;1413;75.7;12.1;1.45
1414;1414;75.3;12.9;1
1415;1415;75.95;11.75;1.1
1416;1416;75.75;12.05;1.2
1417;1417;75.55;11.35;0.8
1418;1418;75.65;11.05;1
1419;1419;75.6;12.85;1.15
1420;1420;75.1;12.75;0.85
1421;1421;75.3;11.75;0.95
1422;1422;75.95;11.4;1.45
1423;1423;75.75;11.9;0.9
1424;1424;75.75;11.3;1.15
1425;1425;75.85;11.45;1
1426;1426;75.6;11.9;0.9
1427;1427;75.35;12.45;0.75
1428;1428;75.35;11.6;0.7
1429;1429;75.8;11.95;0.7
1430;1430;75.65;12.5;1.1
1431;1431;75.15;11.65;1
1432;1432;75.95;11.5;0.8
1433;1433;75.25;11.2;1.25
1434;1434;75.75;12.2;1.2
1435;1435;75.9;12;1.05
1436;1436;75.55;12.6;1.4
1437;1437;75.7;11.75;0.6
1438;1438;75.15;12.05;1.3
1439;1439;75.6;11.8;1.45
1440;1440;75.6;12.05;1.3
1441;1441;75.3;11.2;1.45
1442;1442;75.7;12.35;1.4
1443;1443;75.4;12.45;1
1444;1444;75.25;11.75;1.4
1445;1445;75.1;12.05;0.85
1446;1446;75.15;11.55;0.65
1447;1447;75.4;12.2;0.85
1448;1448;75.2;11.85;0.95
1449;1449;75.6;12.3;0.6
1450;1450;75.9;12.35;0.8
1451;1451;75.2;12.05;1.05
1452;1452;75.4;11.95;1.15
1453;1453;75.1;12.2;1.35
1454;1454;75.75;11.15;1.3
1455;1455;75.4;12.75;1.3
1456;1456;75.7;11.5;0.65
1457;1457;75.7;11.75;1.1
1458;1458;75.1;12.45;1.25
1459;1459;75.95;12.5;1.15
1460;1460;75.4;11.65;1.45
1461;1461;75.15;11.45;0.8
1462;1462;75.2;11.45;1.35
1463;1463;75.35;11.95;0.75
1464;1464;75.95;12.05;1.25
1465;1465;75.45;12.25;0.75
1466;1466;75.2;11.3;1.35
1467;1467;75.55;12.45;1.45
1468;1468;75.2;11.95;0.7
1469;1469;75.9;11.7;0.95
1470;1470;75.1;11.25;1.45
1471;1471;75.3;12.4;0.9
1472;1472;75.75;12.75;0.85
1473;1473;75.1;12.1;1.25
1474;1474;75.3;11.75;1
1475;1475;75.65;12.75;0.95
1476;1476;75.7;12.95;1.1
1477;1477;75.65;11.65;0.8
1478;1478;75.6;11.5;1.05
1479;1479;75.4;12.45;1
1480;1480;75.95;12.5;1
1481;1481;75.4;12.2;1.4
1482;1482;75.45;11.1;0.9
1483;1483;75.45;12.45;1.45
1484;1484;75.9;12.95;0.7
1485;1485;75.7;12.6;1.2
1486;1486;75.75;11.2;1.1
1487;1487;75.65;11.65;1.15
1488;1488;75.25;11.6;1.4
1489;1489;75.3;12.15;1.15
1490;1490;75.7;12.75;1.3
1491;1491;75.8;12.8;1.1
1492;1492;75.5;11.1;0.6
1493;1493;75.45;12.95;0.8
1494;1494;75.15;12.2;0.65
1495;1495;75.6;12.95;1.1
1496;1496;75.4;11.2;1.35
1497;1497;75.35;12.15;1.45
1498;1498;75.85;11.9;1
1499;1499;75.35;11.6;1
1500;1500;75.25;11.6;1.45
1501;1501;75.8;11.15;0.9
1502;1502;75.6;12.55;0.85
1503;1503;75.55;12.75;0.75
1504;1504;75.4;12.25;1.05
1505;1505;75.1;12.35;1.15
1506;1506;75.65;12.75;0.6
1507;1507;75.2;12.2;1
1508;1508;75.15;11.75;0.75
1509;1509;75.75;12.85;0.7
1510;1510;75.75;11.2;0.6
1511;1511;75.9;11.1;0.8
1512;1512;75.5;11.85;0.7
1513;1513;75.75;12.65;1.05
1514;1514;75.3;11;0.9
1515;1515;75.15;12.45;1.45
1516;1516;75.75;11.35;1.1
1517;1517;75.95;12.8;0.8
1518;1518;75.5;12.45;0.95
1519;1519;75.35;11.75;0.75
1520;1520;75.1;12.25;0.9
1521;1521;75.95;12.6;1.05
1522;1522;75.65;12.15;0.7
1523;1523;75.9;12.7;0.8
1524;1524;75.25;11.8;0.7
1525;1525;75.7;11.55;0.85
1526;1526;75.35;12.75;0.6
1527;1527;75.4;12.75;0.95
1528;1528;75.2;12.55;0.85
1529;1529;75.75;12.65;1.35
1530;1530;75.9;12.45;0.6
1531;1531;75.6;12.5;0.95
1532;1532;75.3;11.4;0.75
1533;1533;75.6;11.85;0.8
1534;1534;75.75;12;0.75
1535;1535;75.45;11.7;0.7
1536;1536;75.15;12.95;0.7
1537;1537;75.35;12.6;1.05
1538;1538;75.85;12.75;0.85
1539;1539;75.9;12.7;0.65
1540;1540;75.85;11.05;0.85
1541;1541;75.45;11.45;0.7
1542;1542;75.8;11.55;1.4
1543;1543;75.4;12.15;1
1544;1544;75.15;11.75;0.8
1545;1545;75.25;12.35;0.8
1546;1546;75.75;12.65;1.05
1547;1547;75.1;11.95;1
1548;1548;75.25;12.2;1.4
1549;1549;75.9;11.25;0.85
1550;1550;75.55;11.6;1.45
1551;1551;75.8;12.35;0.9
1552;1552;75.95;12.6;1
1553;1553;75.1;11.15;1.25
1554;1554;75.5;11.65;1.35
1555;1555;75.3;11.2;1.05
1556;1556;75.5;11.1;1.1
1557;1557;75.7;12.8;0.75
1558;1558;75.5;12.9;1.3
1559;1559;75.7;11.65;0.7
1560;1560;75.1;12.45;1.4
1561;1561;75.9;12.3;1.2
1562;1562;75.65;12.9;1.3
1563;1563;75.5;12.6;1.05
1564;1564;75.95;12.25;0.8
1565;1565;75.45;12.15;0.95
1566;1566;75.8;11.4;1.35
1567;1567;75.85;11.2;0.85
1568;1568;75.4;11.35;0.7
1569;1569;75.6;11.75;0.6
1570;1570;75.25;12.3;0.85
1571;1571;75.55;12.85;1.4
1572;1572;75.45;12.95;0.85
1573;1573;75.85;12.8;0.8
1574;1574;75.85;11.85;1.15
1575;1575;75.45;12.95;0.95
1576;1576;75.9;12.75;0.85
1577;1577;75.35;11.5;1
1578;1578;75.85;11.25;0.95
1579;1579;75.25;12;1.1
1580;1580;75.15;11.6;1.3
1581;1581;75.8;11.6;0.85
1582;1582;75.5;12.05;1
1583;1583;75.15;12.6;1.2
1584;1584;75.75;11.8;0.8
1585;1585;75.65;12.85;0.95
1586;1586;75.5;12.25;1.35
1587;1587;75.3;12.9;1.2
1588;1588;75.9;12.6;0.95
1589;1589;75.1;12.1;1.3
1590;1590;75.35;11.55;1
1591;1591;75.2;11.95;0.75
1592;1592;75.95;12.65;0.95
1593;1593;75.1;12.85;0.7
1594;1594;75.85;12.85;0.65
1595;1595;75.15;12.3;0.65
1596;1596;75.55;12.15;1.1
1597;1597;75.15;11.85;0.9
1598;1598;75.15;12.05;0.65
1599;1599;75.8;11.3;0.85
1600;1600;75.45;11.2;1.1
1601;1601;75.7;11.6;0.6
1602;1602;75.1;12.7;0.7
1603;1603;75.65;11.85;1.2
1604;1604;75.55;12.3;1.2
1605;1605;75.75;11.95;1.2
1606;1606;75.9;12.45;0.75
1607;1607;75.15;11.15;1.3
1608;1608;75.75;12.2;1
1609;1609;75.75;11.95;1.3
1610;1610;75.5;12.4;1.35
1611;1611;75.75;11.85;1.4
1612;1612;75.1;12.85;1.35
1613;1613;75.7;11.9;1.35
1614;1614;75.5;12.25;1.25
1615;1615;75.2;12.05;1.35
1616;1616;75.2;12.5;1.15
1617;1617;75.8;11.2;0.75
1618;1618;75.7;12.9;0.8
1619;1619;75.7;12.4;1
1620;1620;75.8;11.05;0.85
1621;1621;75.6;12.05;1
1622;1622;75.1;11.6;1.15
1623;1623;75.4;11.5;1.05
1624;1624;75.75;11.05;1.25
1625;1625;75.55;11;1.3
1626;1626;75.8;12.9;1.1
1627;1627;75.5;12.55;1.35
1628;1628;75.3;11.5;1.05
1629;1629;75.65;12.05;0.9
1630;1630;75.45;12.35;1.05
1631;1631;75.65;11;0.75
1632;1632;75.5;12.05;1
1633;1633;75.25;11.75;1.05
1634;1634;75.65;12;0.75
1635;1635;75.9;11.2;0.85
1636;1636;75.4;11.45;0.6
1637;1637;75.95;12.75;0.75
1638;1638;75.55;11.6;1.3
1639;1639;75.2;11.5;1.45
1640;1640;75.8;11.9;1.2
1641;1641;75.8;11.15;1.15
1642;1642;75.3;12.35;0.6
1643;1643;75.25;11.7;0.85
1644;1644;75.3;11;0.95
1645;1645;75.2;11.3;1.15
1646;1646;75.6;11.95;1.4
1647;1647;75.65;11.6;1.2
1648;1648;75.85;12.7;0.75
1649;1649;75.95;12.7;1.45
1650;1650;75.7;11.45;1
1651;1651;75.65;12.65;1.45
1652;1652;75.65;11.05;1.25
1653;1653;75.55;11.85;1.15
1654;1654;75.15;11.25;1.15
1655;1655;75.85;12.2;0.9
1656;1656;75.95;12.2;1.25
1657;1657;75.3;11.8;0.9
1658;1658;75.8;12.8;1.05
1659;1659;75.75;11.3;0.9
1660;1660;75.35;11;0.65
1661;1661;75.9;11.55;1.4
1662;1662;75.95;12.15;1.1
1663;1663;75.85;11.45;1.35
1664;1664;75.7;12.6;1.25
1665;1665;75.4;11.5;0.9
1666;1666;75.35;12.05;1.45
1667;1667;75.9;12.55;1.2
1668;1668;75.15;11.3;1.4
1669;1669;75.95;12.2;1.25
1670;1670;75.4;11.55;0.9
1671;1671;75.9;12.7;1.2
1672;1672;75.45;11;1.2
1673;1673;75.65;11.3;0.6
1674;1674;75.45;11.35;0.85
1675;1675;75.65;12.9;0.65
1676;1676;75.25;12.8;0.75
1677;1677;75.85;11.9;0.8
1678;1678;75.5;11.85;1.2
1679;1679;75.75;11.85;0.95
1680;1680;75.1;12.55;0.9
1681;1681;75.55;12.65;1.35
1682;1682;75.75;11.05;1.45
1683;1683;75.7;12.55;0.65
1684;1684;75.9;11.65;1.4
1685;1685;75.1;11.8;0.8
1686;1686;75.85;11.6;1
1687;1687;75.4;12.95;1.15
1688;1688;75.8;11.9;1.2
1689;1689;75.35;11.95;1.45
1690;1690;75.3;12.35;1.2
1691;1691;75.6;11.05;0.75
1692;1692;75.6;11.8;0.75
1693;1693;75.4;12;1.15
1694;1694;75.2;11.7;1.25
1695;1695;75.5;11.15;1.4
1696;1696;75.95;12.05;1.45
1697;1697;75.85;11.45;1.15
1698;1698;75.7;11.7;0.85
1699;1699;75.55;11.35;1.4
1700;1700;75.8;12.65;0.75
1701;1701;75.3;11.1;1.2
1702;1702;75.95;11.8;1.4
1703;1703;75.2;12.35;1.05
1704;1704;75.85;11.1;1.45
1705;1705;75.2;12.5;1.25
1706;1706;75.35;11.7;0.65
1707;1707;75.2;11.35;1.35
1708;1708;75.5;11.55;1.25
1709;1709;75.15;11.4;1.1
1710;1710;75.8;11.55;1.05
1711;1711;75.85;11.2;0.8
1712;1712;75.4;11.05;0.65
1713;1713;75.25;11.5;1.3
1714;1714;75.95;11.6;0.65
1715;1715;75.45;11.1;1.1
1716;1716;75.8;12.65;0.65
1717;1717;75.35;11.25;1.15
1718;1718;75.65;11.05;0.9
1719;1719;75.4;12.35;0.65
1720;1720;75.9;12.45;1.15
1721;1721;75.95;11.35;1.2
1722;1722;75.75;11.8;1.35
1723;1723;75.5;11.35;0.8
1724;1724;75.15;12.1;0.85
1725;1725;75.35;11.2;0.7
1726;1726;75.6;12.95;0.7
1727;1727;75.45;12.2;1.45
1728;1728;75.1;12.75;1.3
1729;1729;75.4;12.3;0.65
1730;1730;75.65;12.7;1.15
1731;1731;75.45;12.35;0.95
1732;1732;75.95;11.3;1.4
1733;1733;75.6;12.8;0.95
1734;1734;75.25;12.05;1.45
1735;1735;75.25;12.5;0.85
1736;1736;75.1;11.95;0.7
1737;1737;75.9;12.8;0.95
1738;1738;75.95;11.8;1.3
1739;1739;75.8;12.25;1.25
1740;1740;75.1;12.1;1.15
1741;1741;75.7;11;0.8
1742;1742;75.25;12.8;1.05
1743;1743;75.2;12.75;0.75
1744;1744;75.9;12.35;1.1
1745;1745;75.55;12.8;0.65
1746;1746;75.7;11.75;0.7
1747;1747;75.8;12.6;0.65
1748;1748;75.65;11.95;0.95
1749;1749;75.2;12.55;0.9
1750;1750;75.45;11.75;1
1751;1751;75.9;12;1.05
1752;1752;75.95;12.2;1.3
1753;1753;75.95;11.5;0.75
1754;1754;75.85;11.4;0.95
1755;1755;75.3;12.9;1.1
1756;1756;75.4;11.95;0.95
1757;1757;75.95;12.1;0.65
1758;1758;75.2;11.2;1.05
1759;1759;75.45;12.7;0.65
1760;1760;75.5;12.35;1.25
1761;1761;75.95;11.55;0.85
1762;1762;75.45;11.2;1.4
1763;1763;75.2;12.7;1.2
1764;1764;75.3;11.8;1.2
1765;1765;75.55;11.2;1.35
1766;1766;75.6;11.75;1.1
1767;1767;75.35;11.4;0.85
1768;1768;75.15;12.1;1.45
1769;1769;75.45;11.7;1.1
1770;1770;75.95;12.2;1.25
1771;1771;75.7;11.7;1.15
1772;1772;75.4;12.4;1.2
1773;1773;75.5;11;0.65
1774;1774;75.65;12.2;1.05
1775;1775;75.7;12.3;1.3
1776;1776;75.35;12.55;1.1
1777;1777;75.75;12.8;0.75
1778;1778;75.4;11.55;0.85
1779;1779;75.5;11.65;1.2
1780;1780;75.95;11.3;0.6
1781;1781;75.1;12.8;0.75
1782;1782;75.7;11.2;0.85
1783;1783;75.75;11.65;1.3
1784;1784;75.1;11.65;0.9
1785;1785;75.8;11.95;1.45
1786;1786;75.5;12.75;1.3
1787;1787;75.9;11.65;0.75
1788;1788;75.6;11.9;0.75
1789;1789;75.3;11.7;0.7
1790;1790;75.25;12.8;1.15
1791;1791;75.55;11.2;0.6
1792;1792;75.15;12.5;1.3
1793;1793;75.95;11.15;0.9
1794;1794;75.25;11.8;0.9
1795;1795;75.15;12.5;0.75
1796;1796;75.9;11.2;0.75
1797;1797;75.85;11.8;1.2
1798;1798;75.25;11.3;0.75
1799;1799;75.9;12.8;1
1800;1800;75.5;12.1;1.15
1801;1801;75.5;12.6;0.95
1802;1802;75.55;12.75;0.7
1803;1803;75.65;11.95;0.85
1804;1804;75.2;12.9;1.4
1805;1805;75.9;12.85;1.25
1806;1806;75.25;12.4;1.05
1807;1807;75.55;11.2;0.6
1808;1808;75.95;12.1;1
1809;1809;75.55;11.55;1
1810;1810;75.15;12.65;1.25
1811;1811;75.85;12.15;1.05
1812;1812;75.5;12.25;1.4
1813;1813;75.6;11.8;1.2
1814;1814;75.9;12.15;1.45
1815;1815;75.85;12.05;0.65
1816;1816;75.3;12.55;0.65
1817;1817;75.7;11.45;0.85
1818;1818;75.1;12.6;1.15
1819;1819;75.8;11.65;0.9
1820;1820;75.9;11.8;0.6
1821;1821;75.55;11.95;0.9
1822;1822;75.85;11.25;0.8
1823;1823;75.2;11.4;1.05
1824;1824;75.4;12.75;1
1825;1825;75.3;11;0.9
1826;1826;75.6;11.7;1.35
1827;1827;75.65;12.95;1.25
1828;1828;75.65;12.15;1.3
1829;1829;75.65;12.9;1.05
1830;1830;75.3;12.5;0.9
1831;1831;75.5;12.2;0.6
1832;1832;75.35;11.25;0.75
1833;1833;75.25;11.45;0.9
1834;1834;75.35;11.75;1.05
1835;1835;75.45;11.55;0.9
1836;1836;75.75;12.25;1.15
1837;1837;75.8;11.95;1.4
1838;1838;75.3;12.45;0.6
1839;1839;75.75;12.2;0.7
1840;1840;75.8;11.3;1
1841;1841;75.4;12.95;1.05
1842;1842;75.9;12.8;0.9
1843;1843;75.5;11.85;0.7
1844;1844;75.8;11.3;0.6
1845;1845;75.1;11.75;0.85
1846;1846;75.5;11.45;0.8
1847;1847;75.85;11.95;1.25
1848;1848;75.95;12.85;1.35
1849;1849;75.4;11.65;1
1850;1850;75.5;11.55;0.7
1851;1851;75.35;11.9;0.75
1852;1852;75.75;11;1.15
1853;1853;75.75;11.35;0.85
1854;1854;75.95;11.3;0.65
1855;1855;75.2;11.7;1.25
1856;1856;75.65;12.05;0.75
1857;1857;75.4;12.6;1.4
1858;1858;75.65;12.05;0.75
1859;1859;75.45;12.65;1.25
1860;1860;75.4;12.15;0.8
1861;1861;75.85;11.35;1.45
1862;1862;75.35;11.15;0.95
1863;1863;75.85;11;0.75
1864;1864;75.8;11.85;1.2
1865;1865;75.75;11.35;0.65
1866;1866;75.6;12.8;1.05
1867;1867;75.75;11.5;1.25
1868;1868;75.75;11.8;1.1
1869;1869;75.85;11.2;0.9
1870;1870;75.85;11.15;0.65
1871;1871;75.2;11.05;1.2
1872;1872;75.55;11.6;1.35
1873;1873;75.25;11.15;1.4
1874;1874;75.35;11.8;0.9
1875;1875;75.35;11.95;1.3
1876;1876;75.6;12.6;1.45
1877;1877;75.45;11.55;0.9
1878;1878;75.95;12.4;0.9
1879;1879;75.5;11.2;0.8
1880;1880;75.55;11.65;1.25
1881;1881;75.9;11.55;1.05
1882;1882;75.15;11.05;0.6
1883;1883;75.65;12.85;1
1884;1884;75.5;11.9;0.6
1885;1885;75.7;11.6;0.8
1886;1886;75.75;11.35;1.1
1887;1887;75.5;11.75;0.95
1888;1888;75.85;12.2;1.3
1889;1889;75.8;11.35;0.7
1890;1890;75.6;12.35;0.9
1891;1891;75.7;11.5;1.25
1892;1892;75.35;11.5;1.2
1893;1893;75.85;12.35;1.15
1894;1894;75.1;11.65;1.15
1895;1895;75.9;11.8;0.75
1896;1896;75.75;12.1;1
1897;1897;75.4;12.8;1.15
1898;1898;75.7;11.75;1.15
1899;1899;75.1;11.35;0.8
1900;1900;75.8;11.35;0.7
1901;1901;75.75;11.5;1.2
1902;1902;75.65;11.05;0.95
1903;1903;75.9;11;0.6
1904;1904;75.25;11;0.8
1905;1905;75.9;11.65;0.8
1906;1906;75.7;11.15;1.15
1907;1907;75.65;12.95;0.75
1908;1908;75.9;11.35;1.2
1909;1909;75.35;12.75;0.7
1910;1910;75.65;12.9;0.95
1911;1911;75.65;12.8;0.9
1912;1912;75.6;12.05;1.2
1913;1913;75.4;12.25;0.6
1914;1914;75.2;11;0.85
1915;1915;75.65;12.55;1.2
1916;1916;75.2;12.45;1.05
1917;1917;75.45;12;1.05
1918;1918;75.65;11.35;1.05
1919;1919;75.4;11.3;0.85
1920;1920;75.4;11.2;1.1
1921;1921;75.55;12.7;1.05
1922;1922;75.25;11.5;1.4
1923;1923;75.4;12.95;1.4
1924;1924;75.7;12.6;0.95
1925;1925;75.95;11.1;1
1926;1926;75.6;12.5;1.3
1927;1927;75.2;12.2;1.1
1928;1928;75.7;11.9;0.75
1929;1929;75.4;12.4;1.45
1930;1930;75.15;12.4;1.15
1931;1931;75.45;11.25;1.45
1932;1932;75.95;11.5;0.7
1933;1933;75.55;11.6;0.8
1934;1934;75.8;11.15;0.75
1935;1935;75.15;11.35;0.8
1936;1936;75.3;12;1.15
1937;1937;75.4;11.15;0.9
1938;1938;75.5;12.05;1.05
1939;1939;75.9;12.35;1.45
1940;1940;75.45;11;0.95
1941;1941;75.75;11.7;1.15
1942;1942;75.75;11.65;0.6
1943;1943;75.15;12;1.4
1944;1944;75.6;12.85;1.2
1945;1945;75.7;12.95;0.6
1946;1946;75.6;11.8;1.2
1947;1947;75.45;11.75;1.35
1948;1948;75.6;11.1;0.75
1949;1949;75.65;12.2;0.9
1950;1950;75.1;12.55;1.45
1951;1951;75.5;12.25;0.75
1952;1952;75.85;12;0.6
1953;1953;75.2;11.25;1.4
1954;1954;75.95;11.25;0.8
1955;1955;75.25;11.15;1.2
1956;1956;75.25;11.1;1.1
1957;1957;75.65;11.1;1
1958;1958;75.85;12.7;1.3
1959;1959;75.45;11.35;0.75
1960;1960;75.45;12.8;1.45
1961;1961;75.1;11.65;0.6
1962;1962;75.55;12.2;0.9
1963;1963;75.5;12.7;1.4
1964;1964;75.85;12.95;1.4
1965;1965;75.2;12.95;0.85
1966;1966;75.25;11.05;1.45
1967;1967;75.4;11.65;0.6
1968;1968;75.35;12.3;1.05
1969;1969;75.95;11.5;1.1
1970;1970;75.4;12.5;0.9
1971;1971;75.75;11.3;1.45
1972;1972;75.6;12.45;0.6
1973;1973;75.45;11.55;0.6
1974;1974;75.85;11.6;1.45
1975;1975;75.25;12.3;1.25
1976;1976;75.2;11.05;1.3
1977;1977;75.4;11.5;1.35
1978;1978;75.2;12.25;1.25
1979;1979;75.45;12.1;0.95
1980;1980;75.55;12.9;0.65
1981;1981;75.9;11.9;0.9
1982;1982;75.95;11.2;0.75
1983;1983;75.85;11.3;0.7
1984;1984;75.15;12.3;0.6
1985;1985;75.25;12.05;0.75
1986;1986;75.7;11.1;1.05
1987;1987;75.95;12.1;0.85
1988;1988;75.25;11.15;1.15
1989;1989;75.55;12.25;1
1990;1990;75.4;11.7;1.45
1991;1991;75.15;11.8;1.4
1992;1992;75.55;11.3;1
1993;1993;75.55;12.8;1.35
1994;1994;75.75;11.4;0.75
1995;1995;75.2;11;1.2
1996;1996;75.7;11.15;1.05
1997;1997;75.25;12.5;1.2
1998;1998;75.5;12.95;1.2
1999;1999;75.35;11.8;0.9
2000;2000;75.25;12.65;1.15
2001;2001;75.75;12.7;1.15
2002;2002;75.9;13.45;0.6
2003;2003;75.1;13.35;1.05
2004;2004;75.6;14.3;0.5
2005;2005;75.35;14.6;0.5
2006;2006;75.75;15.25;1.1
2007;2007;75.85;15.7;1.2
2008;2008;75.35;15.9;0.9
2009;2009;75.2;16.3;0.7
2010;2010;75.2;16.5;0.6
2011;2011;75.1;17.2;0.5
2012;2012;75.7;16.8;0.75
2013;2013;75.4;15.15;0.45
2014;2014;75.95;14.25;0.8
2015;2015;75.9;12.3;0.55
2016;2016;75.85;11.55;0.55
2017;2017;75.6;10.7;1.2
2018;2018;75.25;9.4;1.25
2019;2019;75.35;8.9;0.45
2020;2020;75.4;7.2;1.2
2021;2021;75.75;7.25;0.55
2022;2022;75.9;7.75;0.95
2023;2023;75.6;6.75;0.45
2024;2024;75.75;6.85;1.15
2025;2025;75.3;6.25;0.55
2026;2026;75.2;6.95;0.45
2027;2027;75.75;6.25;0.9
2028;2028;75.9;6.25;0.4
2029;2029;75.45;6.7;0.55
2030;2030;75.8;6.4;0.4
2031;2031;75.75;6.15;0.85
2032;2032;75.7;6.4;0.95
2033;2033;75.95;6.4;0.45
2034;2034;75.45;6.2;0.95
2035;2035;75.85;6.55;0.85
2036;2036;75.1;6.65;0.95
2037;2037;75.75;6.95;1.1
2038;2038;75.65;6.5;0.7
2039;2039;75.1;6.65;0.8
2040;2040;75.3;6.65;0.75
2041;2041;75.35;6.35;0.8
2042;2042;75.8;6.45;1.25
2043;2043;75.85;6.15;1.15
2044;2044;75.9;6.85;0.95
2045;2045;75.5;6.3;0.4
2046;2046;75.35;6.8;0.55
2047;2047;75.2;6.85;0.65
2048;2048;75.1;6.75;1
2049;2049;75.7;6.2;1.2
2050;2050;75.35;6.3;0.4
2051;2051;75.9;6.45;1.2
2052;2052;75.7;6.9;0.5
2053;2053;75.9;6.8;1.15
2054;2054;75.3;6.5;0.8
2055;2055;75.1;6.85;1.25
2056;2056;75.65;6.7;1.05
2057;2057;75.45;6.7;1.2
2058;2058;75.8;6.1;1.25
2059;2059;75.65;6.85;0.9
2060;2060;75.85;6.6;0.55
2061;2061;75.9;6.15;0.4
2062;2062;75.5;6.15;0.8
2063;2063;75.75;6.8;1.15
2064;2064;75.25;6.5;0.4
2065;2065;75.75;6.7;0.9
2066;2066;75.5;6.1;0.85
2067;2067;75.4;6.45;1.15
2068;2068;75.3;6.85;1.2
2069;2069;75.35;6.25;0.65
2070;2070;75.75;6.3;0.6
2071;2071;75.75;6.85;1
2072;2072;75.15;6.15;0.9
2073;2073;75.45;6.6;0.5
2074;2074;75.85;6.3;0.75
2075;2075;75.75;6.25;0.75
2076;2076;75.2;6.15;1.2
2077;2077;75.35;6.35;1.15
2078;2078;75.1;6.25;0.7
2079;2079;75.2;6.7;0.5
2080;2080;75.7;6.95;0.7
2081;2081;75.35;6.9;1.15
2082;2082;75.4;6.85;1.25
2083;2083;75.75;6.55;0.4
2084;2084;75.2;6.3;1.05
2085;2085;75.25;6.3;1.25
2086;2086;75.65;6.6;1.2
2087;2087;75.4;6.75;1.2
2088;2088;75.65;6.8;0.6
2089;2089;75.75;6.45;0.65
2090;2090;75.85;6.75;1.25
2091;2091;75.5;6.4;1.05
2092;2092;75.9;6.75;0.7
2093;2093;75.5;6.95;0.8
2094;2094;75.55;6.95;0.9
2095;2095;75.6;6.3;0.5
2096;2096;75.7;6.15;0.7
2097;2097;75.55;6.65;0.75
2098;2098;75.2;6.65;0.85
2099;2099;75.7;6.75;0.75
2100;2100;75.5;6.35;1.25
2101;2101;75.35;6.85;0.85
2102;2102;75.15;6.55;0.5
2103;2103;75.85;6.7;0.85
2104;2104;75.25;6.55;0.45
2105;2105;75.75;6.6;0.65
2106;2106;75.15;6.85;1.15
2107;2107;75.8;6.55;0.6
2108;2108;75.25;6.7;0.9
2109;2109;75.6;6.55;0.55
2110;2110;75.25;6.6;1.15
2111;2111;75.5;6.1;0.45
2112;2112;75.85;6.65;0.4
2113;2113;75.75;6.2;0.45
2114;2114;75.7;6.6;0.4
2115;2115;75.85;6.1;1
2116;2116;75.75;6.5;0.85
2117;2117;75.45;6.7;0.45
2118;2118;75.2;6.8;1.1
2119;2119;75.65;6.75;0.8
2120;2120;75.1;6.75;1.05
2121;2121;75.4;6.45;1.05
2122;2122;75.3;6.8;0.65
2123;2123;75.15;6.1;0.65
2124;2124;75.35;6.3;0.55
2125;2125;75.25;6.15;1.2
2126;2126;75.8;6.95;0.9
2127;2127;75.25;6.15;0.5
2128;2128;75.55;6.85;1.25
2129;2129;75.35;6.25;1.2
2130;2130;75.1;6.4;0.45
2131;2131;75.9;6.65;0.85
2132;2132;75.65;6.75;0.45
2133;2133;75.2;6.3;1.05
2134;2134;75.4;6.75;1.2
2135;2135;75.2;6.3;1.2
2136;2136;75.55;6.2;0.8
2137;2137;75.2;6.5;0.95
2138;2138;75.9;6.95;0.75
2139;2139;75.55;6.9;1.15
2140;2140;75.35;6.95;0.5
2141;2141;75.45;6.9;1.25
2142;2142;75.4;6.35;0.9
2143;2143;75.4;6.85;0.4
2144;2144;75.9;6.2;0.85
2145;2145;75.85;6.65;1.2
2146;2146;75.3;6.5;0.85
2147;2147;75.85;6.9;0.7
2148;2148;75.8;6.95;0.65
2149;2149;75.1;6.4;0.4
2150;2150;75.8;6.35;1.05
2151;2151;75.8;6.2;0.4
2152;2152;75.5;6.9;1.1
2153;2153;75.5;6.6;0.7
2154;2154;75.1;6.45;1.1
2155;2155;75.95;6.15;0.65
2156;2156;75.8;6.65;1.2
2157;2157;75.8;6.55;1.1
2158;2158;75.8;6.1;1.05
2159;2159;75.3;6.9;1
2160;2160;75.5;6.2;0.65
2161;2161;75.25;6.65;1.25
2162;2162;75.35;6.1;0.95
2163;2163;75.8;6.1;0.6
2164;2164;75.65;6.5;0.75
2165;2165;75.75;6.6;1.2
2166;2166;75.1;6.25;0.55
2167;2167;75.35;6.75;0.6
2168;2168;75.65;6.95;0.75
2169;2169;75.85;6.95;1.1
2170;2170;75.3;6.1;0.45
2171;2171;75.25;6.65;0.95
2172;2172;75.35;6.35;1.05
2173;2173;75.3;6.3;0.7
2174;2174;75.35;6.25;1
2175;2175;75.55;6.1;1.05
2176;2176;75.55;6.1;0.8
2177;2177;75.9;6.15;1.15
2178;2178;75.35;6.8;1.25
2179;2179;75.35;6.65;0.9
2180;2180;75.35;6.3;0.4
2181;2181;75.2;6.15;0.55
2182;2182;75.1;6.7;0.9
2183;2183;75.95;6.85;0.95
2184;2184;75.8;6.4;0.45
2185;2185;75.25;6.95;0.9
2186;2186;75.15;6.7;1.1
2187;2187;75.9;6.65;1.1
2188;2188;75.75;6.4;0.5
2189;2189;75.7;6.15;1.25
2190;2190;75.4;6.15;0.45
2191;2191;75.8;6.7;0.55
2192;2192;75.45;6.75;0.95
2193;2193;75.1;6.6;0.5
2194;2194;75.7;6.4;1.25
2195;2195;75.8;6.3;1.15
2196;2196;75.6;6.8;0.5
2197;2197;75.9;6.7;1.15
2198;2198;75.2;6.5;1.25
2199;2199;75.95;6.45;0.45
2200;2200;75.25;6.75;0.75
2201;2201;75.7;6.15;0.85
2202;2202;75.8;6.65;0.9
2203;2203;75.75;6.7;0.8
2204;2204;75.35;6.3;0.7
2205;2205;75.6;6.45;0.5
2206;2206;75.55;6.95;0.55
2207;2207;75.4;6.45;0.95
2208;2208;75.15;6.15;1.25
2209;2209;75.1;6.2;0.7
2210;2210;75.85;6.9;1.2
2211;2211;75.7;6.4;0.7
2212;2212;75.65;6.4;1
2213;2213;75.85;6.55;1.15
2214;2214;75.6;6.65;0.65
2215;2215;75.45;6.55;0.55
2216;2216;75.35;6.55;0.4
2217;2217;75.35;6.4;0.65
2218;2218;75.5;6.55;0.65
2219;2219;75.85;6.1;0.4
2220;2220;75.95;6.65;0.45
2221;2221;75.55;6.1;0.9
2222;2222;75.1;6.2;0.5
2223;2223;75.35;6.85;0.55
2224;2224;75.5;6.2;1.15
2225;2225;75.5;6.35;0.95
2226;2226;75.6;6.85;0.9
2227;2227;75.2;6.85;0.45
2228;2228;75.65;6.7;0.7
2229;2229;75.55;6.65;0.85
2230;2230;75.95;6.9;1.25
2231;2231;75.65;6.1;0.45
2232;2232;75.8;6.1;0.6
2233;2233;75.45;6.55;1
2234;2234;75.15;6.4;0.45
2235;2235;75.45;6.6;0.65
2236;2236;75.15;6.2;0.75
2237;2237;75.25;6.7;0.8
2238;2238;75.2;6.25;0.55
2239;2239;75.95;6.85;1.15
2240;2240;75.9;6.8;0.55
2241;2241;75.25;6.85;1.05
2242;2242;75.55;6.55;0.6
2243;2243;75.1;6.2;0.65
2244;2244;75.75;6.25;1.1
2245;2245;75.4;6.85;0.45
2246;2246;75.3;6.3;0.85
2247;2247;75.95;6.8;0.55
2248;2248;75.85;6.55;0.6
2249;2249;75.25;6.7;1.2
2250;2250;75.8;6.6;1.2
2251;2251;75.65;6.95;1.2
2252;2252;75.7;6.65;0.6
2253;2253;75.15;6.3;1.15
2254;2254;75.1;6.3;0.4
2255;2255;75.5;6.45;1.05
2256;2256;75.7;6.15;0.4
2257;2257;75.1;6.3;1.1
2258;2258;75.55;6.8;0.65
2259;2259;75.35;6.45;0.6
2260;2260;75.3;6.65;1.05
2261;2261;75.1;6.8;0.45
2262;2262;75.65;6.9;0.85
2263;2263;75.4;6.55;1.05
2264;2264;75.2;6.95;0.9
2265;2265;75.4;6.4;0.9
2266;2266;75.9;6.35;0.95
2267;2267;75.5;6.8;1.1
2268;2268;75.55;6.75;0.9
2269;2269;75.75;6.5;0.45
2270;2270;75.25;6.75;1.15
2271;2271;75.2;6.8;0.85
2272;2272;75.1;6.8;0.45
2273;2273;75.5;6.65;0.85
2274;2274;75.75;6.15;0.8
2275;2275;75.85;6.3;0.45
2276;2276;75.3;6.45;0.8
2277;2277;75.4;6.6;1.25
2278;2278;75.55;6.3;0.7
2279;2279;75.7;6.8;0.95
2280;2280;75.9;6.8;0.9
2281;2281;75.3;6.15;1.05
2282;2282;75.4;6.55;0.7
2283;2283;75.25;6.15;0.9
2284;2284;75.65;6.35;0.4
2285;2285;75.9;6.9;0.55
2286;2286;75.75;6.25;0.7
2287;2287;75.35;6.25;1.2
2288;2288;75.1;6.95;0.8
2289;2289;75.65;6.85;0.5
2290;2290;75.6;6.8;1.25
2291;2291;75.75;6.4;1.15
2292;2292;75.8;6.8;0.6
2293;2293;75.75;6.15;1.1
2294;2294;75.6;6.75;0.9
2295;2295;75.85;6.55;0.5
2296;2296;75.85;6.9;0.65
2297;2297;75.7;6.45;1.15
2298;2298;75.8;6.6;1.1
2299;2299;75.55;6.8;0.75
2300;2300;75.5;6.65;0.4
2301;2301;75.8;6.55;1.1
2302;2302;75.6;6.9;0.55
2303;2303;75.15;6.35;0.45
2304;2304;75.25;6.2;0.4
2305;2305;75.6;6.2;0.5
2306;2306;75.8;6.95;1.2
2307;2307;75.25;6.45;0.6
2308;2308;75.65;6.95;0.95
2309;2309;75.15;6.8;0.85
2310;2310;75.55;6.95;0.75
2311;2311;75.85;6.45;1.25
2312;2312;75.95;6.45;0.85
2313;2313;75.55;6.6;0.4
2314;2314;75.9;6.15;0.9
2315;2315;75.4;6.9;0.7
2316;2316;75.9;6.5;0.5
2317;2317;75.45;6.1;0.7
2318;2318;75.35;6.8;1.15
2319;2319;75.35;6.9;1.2
2320;2320;75.25;6.6;1.15
2321;2321;75.75;6.7;0.9
2322;2322;75.65;6.9;0.95
2323;2323;75.8;6.95;0.85
2324;2324;75.1;6.85;1.15
2325;2325;75.95;6.6;0.6
2326;2326;75.7;6.6;0.85
2327;2327;75.1;6.25;0.4
2328;2328;75.75;6.9;0.7
2329;2329;75.75;6.5;1.15
2330;2330;75.85;6.2;1.05
2331;2331;75.35;6.95;0.5
2332;2332;75.9;6.85;1.2
2333;2333;75.45;6.25;0.95
2334;2334;75.8;6.95;0.65
2335;2335;75.85;6.6;1.15
2336;2336;75.25;6.8;0.9
2337;2337;75.65;6.8;0.65
2338;2338;75.75;6.75;1.2
2339;2339;75.9;6.3;0.7
2340;2340;75.4;6.4;0.95
2341;2341;75.3;6.8;1.2
2342;2342;75.55;6.95;0.75
2343;2343;75.35;6.85;1.25
2344;2344;75.15;6.25;0.5
2345;2345;75.45;6.35;1
2346;2346;75.4;6.65;0.9
2347;2347;75.9;6.3;0.4
2348;2348;75.6;6.75;1.2
2349;2349;75.45;6.1;1.1
2350;2350;75.6;6.55;0.5
2351;2351;75.5;6.9;0.4
2352;2352;75.3;6.1;0.8
2353;2353;75.95;6.55;1
2354;2354;75.8;6.5;0.7
2355;2355;75.25;6.3;0.75
2356;2356;75.3;6.65;1.2
2357;2357;75.3;6.75;0.9
2358;2358;75.95;6.15;1
2359;2359;75.8;6.35;1.15
2360;2360;75.65;6.95;0.9
2361;2361;75.7;6.4;0.65
2362;2362;75.6;6.1;1
2363;2363;75.25;6.75;0.45
2364;2364;75.15;6.3;0.6
2365;2365;75.55;6.2;0.5
2366;2366;75.95;6.35;0.8
2367;2367;75.7;6.35;0.5
2368;2368;75.1;6.3;0.9
2369;2369;75.1;6.35;0.45
2370;2370;75.65;6.75;0.4
2371;2371;75.15;6.35;0.95
2372;2372;75.85;6.55;0.85
2373;2373;75.75;6.15;0.65
2374;2374;75.65;6.6;0.4
2375;2375;75.45;6.65;0.5
2376;2376;75.8;6.7;1.25
2377;2377;75.2;6.95;0.8
2378;2378;75.85;6.9;1.1
2379;2379;75.3;6.9;0.55
2380;2380;75.1;6.65;1.1
2381;2381;75.65;6.75;0.85
2382;2382;75.6;6.8;0.9
2383;2383;75.95;6.5;0.45
2384;2384;75.4;6.25;1
2385;2385;75.8;6.9;0.7
2386;2386;75.15;6.5;1
2387;2387;75.75;6.1;1.2
2388;2388;75.45;6.85;0.9
2389;2389;75.6;6.75;0.4
2390;2390;75.75;6.15;0.75
2391;2391;75.1;6.9;0.6
2392;2392;75.95;6.45;0.95
2393;2393;75.55;6.35;1.25
2394;2394;75.9;6.45;1
2395;2395;75.25;6.55;0.95
2396;2396;75.35;6.25;0.45
2397;2397;75.1;6.9;0.55
2398;2398;75.95;6.3;0.55
2399;2399;75.4;6.45;0.6
2400;2400;75.95;6.3;0.4
2401;2401;75.4;6.9;0.9
2402;2402;75.6;6.15;0.45
2403;2403;75.55;6.2;0.55
2404;2404;75.25;6.7;0.95
2405;2405;75.65;6.4;0.75
2406;2406;75.8;6.2;1.2
2407;2407;75.7;6.65;1.1
2408;2408;75.7;6.4;0.6
2409;2409;75.4;6.75;0.55
2410;2410;75.2;6.95;0.85
2411;2411;75.8;6.75;1.05
2412;2412;75.55;6.75;1
2413;2413;75.55;6.75;0.65
2414;2414;75.65;6.65;1.2
2415;2415;75.15;6.25;1.2
2416;2416;75.35;6.6;0.4
2417;2417;75.7;6.3;1.25
2418;2418;75.15;6.7;0.7
2419;2419;75.1;6.7;0.8
2420;2420;75.5;6.6;0.85
2421;2421;75.5;6.8;1.1
2422;2422;75.4;6.9;0.4
2423;2423;75.4;6.9;0.9
2424;2424;75.5;6.3;1.15
2425;2425;75.65;6.95;1
2426;2426;75.35;6.35;1.25
2427;2427;75.55;6.65;0.5
2428;2428;75.3;6.3;0.45
2429;2429;75.15;6.85;0.75
2430;2430;75.55;6.8;0.65
2431;2431;75.6;6.1;0.95
2432;2432;75.75;6.25;0.75
2433;2433;75.5;6.25;1.25
2434;2434;75.4;6.3;0.7
2435;2435;75.65;6.15;0.7
2436;2436;75.3;6.1;1.15
2437;2437;75.25;6.65;0.9
2438;2438;75.55;6.3;0.9
2439;2439;75.4;6.45;1.2
2440;2440;75.45;6.75;1.15
2441;2441;75.85;6.2;0.9
2442;2442;75.55;6.5;0.95
2443;2443;75.3;6.6;0.5
2444;2444;75.6;6.85;0.95
2445;2445;75.45;6.5;0.6
2446;2446;75.7;6.45;0.4
2447;2447;75.35;6.8;0.95
2448;2448;75.8;6.35;0.9
2449;2449;75.25;6.85;0.85
2450;2450;75.85;6.6;1.25
2451;2451;75.85;6.45;1
2452;2452;75.25;6.6;0.7
2453;2453;75.9;6.15;0.9
2454;2454;75.9;6.3;0.8
2455;2455;75.55;6.85;1.05
2456;2456;75.5;6.65;0.4
2457;2457;75.1;6.25;1.1
2458;2458;75.15;6.25;0.5
2459;2459;75.8;6.35;0.6
2460;2460;75.7;6.45;0.7
2461;2461;75.8;6.85;0.8
2462;2462;75.5;6.5;1.15
2463;2463;75.25;6.25;0.6
2464;2464;75.85;6.3;0.8
2465;2465;75.4;6.75;0.85
2466;2466;75.4;6.9;0.65
2467;2467;75.35;6.65;1.05
2468;2468;75.55;6.2;1.05
2469;2469;75.45;6.65;0.5
2470;2470;75.85;6.75;0.85
2471;2471;75.6;6.9;0.95
2472;2472;75.65;6.45;0.55
2473;2473;75.8;6.65;0.4
2474;2474;75.8;6.9;1.1
2475;2475;75.15;6.25;0.7
2476;2476;75.75;6.8;0.4
2477;2477;75.55;6.8;0.4
2478;2478;75.45;6.7;1.25
2479;2479;75.4;6.4;0.55
2480;2480;75.55;6.35;0.9
2481;2481;75.55;6.1;0.8
2482;2482;75.85;6.3;0.6
2483;2483;75.8;6.9;0.75
2484;2484;75.3;6.35;1.2
2485;2485;75.2;6.5;0.5
2486;2486;75.55;6.25;0.5
2487;2487;75.8;6.7;1.05
2488;2488;75.9;6.4;1.25
2489;2489;75.9;6.5;1.15
2490;2490;75.6;6.75;1.1
2491;2491;75.25;6.1;0.6
2492;2492;75.5;6.1;0.55
2493;2493;75.55;6.55;0.7
2494;2494;75.85;6.55;0.9
2495;2495;75.3;6.65;1.1
2496;2496;75.55;6.6;0.6
2497;2497;75.1;6.3;1.2
2498;2498;75.1;6.9;0.55
2499;2499;75.85;6.65;1.2
