;time(s);operating_temp(C);operating_press(bar);liquid_level(cm)
0;0;55.4;6.55;152.2
1;1;55.7;6.6;152.1
2;2;55.3;6.95;152.2
3;3;55.7;6.15;151.65
4;4;55.2;6.65;152.2
5;5;55.95;6.9;152.1
6;6;55.55;6.2;152.45
7;7;55.15;6.25;152.15
8;8;55.75;6.6;151.6
9;9;55.9;6.4;152.4
10;10;55.1;6.95;152.3
11;11;55.15;6.75;152.4
12;12;55.35;6.95;151.8
13;13;55.7;6.3;152.2
14;14;55.55;6.25;151.85
15;15;55.85;6.75;151.8
16;16;55.6;6.7;151.85
17;17;55.8;6.95;151.75
18;18;55.1;6.4;152.3
19;19;55.8;6.2;151.6
20;20;55.2;6.8;152.15
21;21;55.5;6.6;152.25
22;22;55.35;6.35;152.05
23;23;55.75;6.45;152.05
24;24;55.45;6.3;151.85
25;25;55.15;6.45;152.2
26;26;55.5;6.8;151.65
27;27;55.5;6.6;151.85
28;28;55.25;6.1;152.3
29;29;55.55;6.1;151.85
30;30;55.9;6.85;151.7
31;31;55.4;6.25;151.9
32;32;55.15;6.2;151.9
33;33;55.85;6.65;152
34;34;55.2;6.1;151.95
35;35;55.8;6.1;152.3
36;36;55.55;6.9;152.2
37;37;55.55;6.75;151.8
38;38;55.8;6.95;152
39;39;55.85;6.85;152.05
40;40;55.3;6.55;152.45
41;41;55.75;6.9;152.05
42;42;55.55;6.9;152.25
43;43;55.9;6.65;151.9
44;44;55.6;6.95;152
45;45;55.75;6.55;152.1
46;46;55.75;6.5;152.4
47;47;55.8;6.4;152
48;48;55.3;6.3;152.05
49;49;55.75;6.2;152
50;50;55.25;6.35;152.15
51;51;55.35;6.55;152.25
52;52;55.15;6.95;151.65
53;53;55.55;6.1;151.9
54;54;55.85;6.45;152.3
55;55;55.4;6.45;151.9
56;56;55.45;6.85;152
57;57;55.65;6.25;151.9
58;58;55.35;6.6;152.15
59;59;55.2;6.1;151.7
60;60;55.45;6.85;152.35
61;61;55.15;6.55;152.35
62;62;55.4;6.2;151.65
63;63;55.9;6.7;151.95
64;64;55.35;6.5;151.65
65;65;55.85;6.1;152.45
66;66;55.65;6.8;152.3
67;67;55.1;6.75;152.2
68;68;55.7;6.6;151.75
69;69;55.1;6.55;152.4
70;70;55.8;6.7;151.95
71;71;55.1;6.75;152.15
72;72;55.55;6.9;151.7
73;73;55.95;6.9;152.05
74;74;55.3;6.8;151.9
75;75;55.95;6.25;151.7
76;76;55.7;6.95;151.7
77;77;55.25;6.45;151.9
78;78;55.1;6.2;152.2
79;79;55.8;6.75;152.05
80;80;55.8;6.85;152.45
81;81;55.75;6.15;151.75
82;82;55.2;6.1;152.45
83;83;55.8;6.55;152.4
84;84;55.35;6.65;151.65
85;85;55.4;6.25;152.25
86;86;55.2;6.75;152
87;87;55.25;6.55;152.45
88;88;55.65;6.25;152.05
89;89;55.25;6.2;152.15
90;90;55.6;6.15;152
91;91;55.4;6.45;151.8
92;92;55.15;6.25;152.45
93;93;55.8;6.85;151.6
94;94;55.3;6.1;151.75
95;95;55.2;6.95;152.25
96;96;55.3;6.1;152
97;97;55.3;6.75;151.75
98;98;55.9;6.8;151.95
99;99;55.5;6.4;152.2
100;100;55.45;6.15;151.65
101;101;55.4;6.6;151.95
102;102;55.5;6.95;151.85
103;103;55.5;6.3;151.65
104;104;55.25;6.35;152.4
105;105;55.7;6.8;151.7
106;106;55.25;6.25;151.6
107;107;55.7;6.7;152.15
108;108;55.55;6.3;152.05
109;109;55.7;6.45;151.8
110;110;55.85;6.7;152.45
111;111;55.55;6.75;152.2
112;112;55.95;6.5;151.9
113;113;55.65;6.4;151.75
114;114;55.55;6.8;152.1
115;115;55.3;6.65;152.05
116;116;55.2;6.25;151.65
117;117;55.1;6.95;151.8
118;118;55.6;6.15;151.75
119;119;55.3;6.4;152.2
120;120;55.6;6.9;151.75
121;121;55.95;6.85;152.45
122;122;55.5;6.1;152.2
123;123;55.75;6.6;151.8
124;124;55.8;6.7;152.1
125;125;55.8;6.35;152.45
126;126;55.55;6.35;152.35
127;127;55.8;6.65;152.45
128;128;55.35;6.3;152.15
129;129;55.65;6.95;152.05
130;130;55.9;6.25;152.4
131;131;55.8;6.1;152.4
132;132;55.75;6.4;151.85
133;133;55.55;6.65;152.1
134;134;55.4;6.95;151.75
135;135;55.95;6.9;151.7
136;136;55.6;6.45;151.95
137;137;55.5;6.35;151.7
138;138;55.35;6.25;152.3
139;139;55.9;6.85;152
140;140;55.4;6.75;151.85
141;141;55.3;6.55;152.25
142;142;55.7;6.85;152.35
143;143;55.6;6.75;151.75
144;144;55.2;6.6;151.95
145;145;55.2;6.25;151.85
146;146;55.3;6.95;152.3
147;147;55.6;6.75;151.6
148;148;55.5;6.7;152.3
149;149;55.95;6.65;152.3
150;150;55.65;6.1;152.45
151;151;55.5;6.35;152.3
152;152;55.4;6.1;152.35
153;153;55.5;6.85;151.7
154;154;55.7;6.15;152
155;155;55.5;6.95;152.35
156;156;55.6;6.15;152.45
157;157;55.15;6.6;151.7
158;158;55.55;6.75;152
159;159;55.3;6.35;151.85
160;160;55.1;6.3;151.7
161;161;55.8;6.2;151.8
162;162;55.25;6.3;152.25
163;163;55.2;6.9;151.8
164;164;55.35;6.6;152.2
165;165;55.55;6.65;152.45
166;166;55.2;6.3;151.95
167;167;55.15;6.7;151.8
168;168;55.8;6.35;152.05
169;169;55.25;6.65;151.65
170;170;55.75;6.1;152.1
171;171;55.55;6.9;152.35
172;172;55.85;6.25;151.65
173;173;55.35;6.7;151.85
174;174;55.4;6.45;152.45
175;175;55.2;6.55;152.2
176;176;55.95;6.25;152.3
177;177;55.75;6.8;152.4
178;178;55.15;6.6;152
179;179;55.95;6.25;151.75
180;180;55.5;6.95;152.15
181;181;55.9;6.85;151.9
182;182;55.95;6.6;152.15
183;183;55.45;6.65;151.95
184;184;55.9;6.15;152.45
185;185;55.85;6.6;152.4
186;186;55.6;6.4;151.7
187;187;55.7;6.45;152.25
188;188;55.45;6.85;151.6
189;189;55.85;6.15;151.6
190;190;55.8;6.55;152
191;191;55.75;6.35;152.1
192;192;55.15;6.35;152.15
193;193;55.4;6.8;152.05
194;194;55.95;6.85;152.2
195;195;55.1;6.45;151.9
196;196;55.5;6.65;152
197;197;55.45;6.6;152
198;198;55.6;6.6;152.45
199;199;55.25;6.8;152.05
200;200;55.15;6.65;151.75
201;201;55.25;6.55;151.9
202;202;55.6;6.15;152.15
203;203;55.5;6.35;152.25
204;204;55.8;6.1;151.8
205;205;55.85;6.5;152.15
206;206;55.15;6.75;152.05
207;207;55.7;6.1;152
208;208;55.4;6.9;151.9
209;209;55.8;6.7;151.9
210;210;55.8;6.4;152.3
211;211;55.4;6.95;151.6
212;212;55.9;6.2;152.4
213;213;55.7;6.55;152.25
214;214;55.9;6.7;152.4
215;215;55.7;6.35;152.3
216;216;55.7;6.7;151.95
217;217;55.55;6.45;152.05
218;218;55.6;6.95;151.65
219;219;55.85;6.6;151.65
220;220;55.45;6.2;151.9
221;221;55.35;6.75;152.3
222;222;55.6;6.6;152.1
223;223;55.55;6.6;152
224;224;55.55;6.25;151.9
225;225;55.15;6.65;151.6
226;226;55.75;6.55;152.45
227;227;55.45;6.6;152.1
228;228;55.1;6.45;151.75
229;229;55.95;6.95;152.4
230;230;55.6;6.95;152.3
231;231;55.55;6.9;152.2
232;232;55.65;6.5;152.1
233;233;55.85;6.7;152
234;234;55.15;6.35;151.8
235;235;55.8;6.25;152.1
236;236;55.55;6.3;152.05
237;237;55.75;6.7;152
238;238;55.4;6.75;152.4
239;239;55.1;6.9;151.65
240;240;55.6;6.2;151.65
241;241;55.7;6.85;152.3
242;242;55.1;6.5;152.35
243;243;55.65;6.35;152.15
244;244;55.15;6.55;151.65
245;245;55.3;6.9;152.4
246;246;55.25;6.85;151.75
247;247;55.4;6.85;152.1
248;248;55.3;6.75;152.45
249;249;55.8;6.6;152.35
250;250;55.6;6.5;152.25
251;251;55.65;6.15;151.85
252;252;55.4;6.25;152.45
253;253;55.4;6.85;152.15
254;254;55.3;6.75;152
255;255;55.35;6.3;152.45
256;256;55.85;6.75;152.35
257;257;55.55;6.85;151.85
258;258;55.2;6.65;151.65
259;259;55.55;6.25;151.6
260;260;55.55;6.2;152.4
261;261;55.6;6.6;151.95
262;262;55.95;6.2;152.3
263;263;55.15;6.1;151.65
264;264;55.25;6.15;152.35
265;265;55.4;6.7;152.05
266;266;55.75;6.25;152.15
267;267;55.4;6.3;151.85
268;268;55.55;6.5;152.2
269;269;55.25;6.95;151.85
270;270;55.1;6.6;152.1
271;271;55.8;6.2;151.9
272;272;55.8;6.5;152.15
273;273;55.75;6.55;152
274;274;55.65;6.15;151.8
275;275;55.3;6.55;151.8
276;276;55.9;6.8;151.7
277;277;55.75;6.25;151.6
278;278;55.5;6.75;152
279;279;55.65;6.55;152.1
280;280;55.1;6.4;151.9
281;281;55.65;6.15;151.95
282;282;55.75;6.6;152.3
283;283;55.35;6.7;152.3
284;284;55.25;6.9;151.6
285;285;55.75;6.35;152.1
286;286;55.15;6.85;152.4
287;287;55.3;6.5;151.6
288;288;55.5;6.2;151.65
289;289;55.5;6.45;152.1
290;290;55.45;6.15;152.15
291;291;55.1;6.8;151.75
292;292;55.15;6.15;151.6
293;293;55.45;6.9;152
294;294;55.65;6.9;151.95
295;295;55.6;6.1;152.15
296;296;55.3;6.1;151.6
297;297;55.15;6.55;151.6
298;298;55.1;6.8;152.45
299;299;55.8;6.45;152.35
300;300;55.2;6.1;152.1
301;301;55.55;6.8;151.95
302;302;55.95;6.55;151.8
303;303;55.6;6.3;151.6
304;304;55.15;6.55;151.75
305;305;55.45;6.85;152.25
306;306;55.2;6.1;151.85
307;307;55.9;6.95;152.2
308;308;55.35;6.2;152.15
309;309;55.8;6.75;151.9
310;310;55.25;6.5;152.25
311;311;55.7;6.1;152.05
312;312;55.3;6.85;152.35
313;313;55.45;6.25;151.6
314;314;55.45;6.6;151.65
315;315;55.55;6.4;152.4
316;316;55.6;6.1;152.1
317;317;55.35;6.75;151.85
318;318;55.1;6.55;152.4
319;319;55.5;6.45;152.4
320;320;55.75;6.7;151.85
321;321;55.35;6.85;152.05
322;322;55.55;6.75;152.2
323;323;55.1;6.15;151.65
324;324;55.9;6.65;151.8
325;325;55.65;6.65;152.25
326;326;55.3;6.65;152.4
327;327;55.4;6.8;151.85
328;328;55.95;6.2;152
329;329;55.85;6.35;152.35
330;330;55.7;6.5;152.3
331;331;55.35;6.7;151.65
332;332;55.45;6.8;152.4
333;333;55.15;6.55;151.8
334;334;55.95;6.5;151.85
335;335;55.6;6.35;152.05
336;336;55.2;6.25;152.45
337;337;55.8;6.8;151.65
338;338;55.75;6.6;151.95
339;339;55.1;6.1;152.15
340;340;55.65;6.7;152.45
341;341;55.85;6.1;151.9
342;342;55.9;6.85;152.4
343;343;55.35;6.8;151.75
344;344;55.4;6.7;151.75
345;345;55.55;6.3;152.1
346;346;55.45;6.7;152.05
347;347;55.4;6.75;151.75
348;348;55.35;6.7;151.6
349;349;55.45;6.8;151.85
350;350;55.6;6.1;151.65
351;351;55.55;6.45;151.7
352;352;55.15;6.15;152.25
353;353;55.25;6.4;151.7
354;354;55.2;6.4;151.9
355;355;55.45;6.55;151.65
356;356;55.2;6.65;152.45
357;357;55.2;6.6;151.95
358;358;55.25;6.85;152.45
359;359;55.15;6.55;152.25
360;360;55.65;6.4;152.1
361;361;55.3;6.7;152.3
362;362;55.5;6.65;152.15
363;363;55.25;6.15;151.85
364;364;55.9;6.5;152.4
365;365;55.55;6.6;151.6
366;366;55.45;6.95;151.7
367;367;55.15;6.55;151.95
368;368;55.75;6.5;151.65
369;369;55.8;6.25;152.1
370;370;55.1;6.7;152.15
371;371;55.65;6.95;151.65
372;372;55.5;6.85;152.25
373;373;55.95;6.2;152.35
374;374;55.25;6.65;151.9
375;375;55.15;6.9;152.45
376;376;55.55;6.6;151.6
377;377;55.65;6.7;151.95
378;378;55.85;6.35;151.65
379;379;55.45;6.4;152.1
380;380;55.15;6.55;152.15
381;381;55.65;6.9;151.95
382;382;55.5;6.1;152.45
383;383;55.8;6.55;151.8
384;384;55.3;6.95;151.85
385;385;55.9;6.9;151.85
386;386;55.2;6.3;152.3
387;387;55.65;6.9;152.25
388;388;55.85;6.9;152
389;389;55.45;6.5;151.95
390;390;55.85;6.25;152
391;391;55.85;6.7;152
392;392;55.35;6.8;151.7
393;393;55.35;6.6;151.75
394;394;55.3;6.95;152.35
395;395;55.55;6.15;151.65
396;396;55.2;6.4;152.15
397;397;55.3;6.75;152.35
398;398;55.45;6.9;152.15
399;399;55.9;6.75;152.1
400;400;55.3;6.25;152.45
401;401;55.4;6.75;152.35
402;402;55.4;6.35;152.45
403;403;55.95;6.1;151.9
404;404;55.15;6.6;152.35
405;405;55.75;6.1;151.95
406;406;55.55;6.2;152.05
407;407;55.7;6.15;151.6
408;408;55.15;6.3;152.2
409;409;55.95;6.5;152.1
410;410;55.85;6.1;152.15
411;411;55.85;6.7;151.95
412;412;55.65;6.6;152.05
413;413;55.8;6.35;152.15
414;414;55.1;6.55;151.6
415;415;55.4;6.6;152.15
416;416;55.15;6.25;151.95
417;417;55.8;6.15;151.8
418;418;55.1;6.6;151.9
419;419;55.5;6.75;152.25
420;420;55.5;6.2;151.95
421;421;55.4;6.9;152.45
422;422;55.15;6.4;151.65
423;423;55.7;6.7;152.1
424;424;55.8;6.6;152.35
425;425;55.35;6.4;152.35
426;426;55.9;6.75;151.75
427;427;55.8;6.5;151.9
428;428;55.1;6.2;152.35
429;429;55.9;6.55;152.3
430;430;55.8;6.45;151.65
431;431;55.8;6.55;151.7
432;432;55.85;6.8;152.35
433;433;55.3;6.45;152.35
434;434;55.15;6.8;152.25
435;435;55.45;6.7;151.95
436;436;55.55;6.1;152.35
437;437;55.5;6.4;151.65
438;438;55.3;6.7;152.45
439;439;55.3;6.2;151.85
440;440;55.95;6.8;152.45
441;441;55.35;6.95;152.05
442;442;55.75;6.95;152.2
443;443;55.35;6.85;151.6
444;444;55.8;6.1;151.7
445;445;55.85;6.25;151.95
446;446;55.4;6.2;152.4
447;447;55.9;6.25;151.9
448;448;55.15;6.35;152.3
449;449;55.95;6.1;152.4
450;450;55.35;6.9;152
451;451;55.65;6.25;152.35
452;452;55.6;6.85;152.05
453;453;55.15;6.55;152.1
454;454;55.65;6.3;151.7
455;455;55.35;6.6;152
456;456;55.7;6.65;151.8
457;457;55.8;6.55;152.35
458;458;55.3;6.55;152.35
459;459;55.65;6.1;151.6
460;460;55.65;6.5;152.3
461;461;55.75;6.4;151.9
462;462;55.6;6.5;152.4
463;463;55.1;6.4;152.1
464;464;55.75;6.2;151.7
465;465;55.65;6.2;151.95
466;466;55.75;6.55;152.3
467;467;55.35;6.95;151.8
468;468;55.3;6.5;152.15
469;469;55.45;6.55;152.2
470;470;55.65;6.75;151.7
471;471;55.35;6.55;151.8
472;472;55.85;6.15;152.3
473;473;55.4;6.65;152.05
474;474;55.75;6.3;151.7
475;475;55.3;6.5;152.15
476;476;55.4;6.45;152.1
477;477;55.7;6.1;152.4
478;478;55.25;6.7;151.6
479;479;55.4;6.55;152.4
480;480;55.85;6.1;152.3
481;481;55.2;6.1;151.9
482;482;55.35;6.3;152.25
483;483;55.35;6.35;151.65
484;484;55.55;6.8;151.7
485;485;55.45;6.8;151.75
486;486;55.8;6.75;152.25
487;487;55.9;6.25;152.15
488;488;55.85;6.65;151.8
489;489;55.75;6.35;151.8
490;490;55.3;6.45;152.2
491;491;55.95;6.3;151.9
492;492;55.9;6.3;152.45
493;493;55.85;6.2;152.35
494;494;55.4;6.85;152.2
495;495;55.75;6.65;152.35
496;496;55.4;6.5;151.65
497;497;55.1;6.15;151.7
498;498;55.35;6.7;152.15
499;499;55.85;6.9;152.1
500;500;55.8;6.8;151.85
501;501;55.8;6.95;151.65
502;502;55.9;6.8;151.7
503;503;55.75;6.1;151.65
504;504;55.7;6.3;152.1
505;505;55.6;6.95;152.3
506;506;55.1;6.95;152.45
507;507;55.75;6.4;151.65
508;508;55.7;6.15;152.3
509;509;55.15;6.35;151.95
510;510;55.7;6.5;152.05
511;511;55.4;6.15;151.85
512;512;55.65;6.8;151.65
513;513;55.75;6.95;152.3
514;514;55.25;6.9;151.95
515;515;55.65;6.3;152.45
516;516;55.4;6.9;152.3
517;517;55.95;6.35;151.85
518;518;55.1;6.1;152.4
519;519;55.15;6.9;151.9
520;520;55.45;6.2;152.15
521;521;55.45;6.45;152.25
522;522;55.2;6.6;152.45
523;523;55.55;6.4;152.35
524;524;55.35;6.4;152
525;525;55.85;6.95;151.7
526;526;55.25;6.7;151.75
527;527;55.45;6.15;151.95
528;528;55.15;6.75;152.1
529;529;55.4;6.15;152.25
530;530;55.8;6.8;151.65
531;531;55.2;6.8;152.15
532;532;55.95;6.3;152.15
533;533;55.7;6.25;152.15
534;534;55.15;6.2;151.8
535;535;55.6;6.45;151.6
536;536;55.35;6.4;152.2
537;537;55.95;6.2;152.2
538;538;55.55;6.5;151.9
539;539;55.15;6.9;151.9
540;540;55.55;6.55;151.95
541;541;55.9;6.85;152.4
542;542;55.9;6.65;151.65
543;543;55.75;6.1;151.65
544;544;55.85;6.35;152.05
545;545;55.2;6.25;151.95
546;546;55.25;6.8;152.4
547;547;55.4;6.7;152.15
548;548;55.15;6.7;151.85
549;549;55.4;6.25;151.85
550;550;55.55;6.7;151.75
551;551;55.1;6.8;152.1
552;552;55.1;6.3;152.1
553;553;55.9;6.85;151.75
554;554;55.15;6.45;151.7
555;555;55.85;6.75;152.25
556;556;55.45;6.9;151.75
557;557;55.45;6.9;151.85
558;558;55.25;6.5;152
559;559;55.35;6.45;152.1
560;560;55.85;6.1;152.2
561;561;55.75;6.2;151.95
562;562;55.95;6.3;152.1
563;563;55.7;6.95;152.45
564;564;55.8;6.45;151.75
565;565;55.6;6.55;152.35
566;566;55.8;6.8;152.1
567;567;55.45;6.95;152.05
568;568;55.1;6.5;152.25
569;569;55.55;6.7;151.6
570;570;55.6;6.8;152.45
571;571;55.4;6.65;152.1
572;572;55.25;6.25;152.15
573;573;55.95;6.85;152.1
574;574;55.65;6.35;151.6
575;575;55.2;6.1;151.6
576;576;55.9;6.25;152.2
577;577;55.2;6.25;152.4
578;578;55.15;6.2;151.85
579;579;55.55;6.85;152
580;580;55.45;6.1;151.65
581;581;55.95;6.7;151.85
582;582;55.35;6.2;152.25
583;583;55.95;6.15;152.2
584;584;55.85;6.4;152.05
585;585;55.9;6.1;152.45
586;586;55.3;6.45;152.45
587;587;55.8;6.75;151.95
588;588;55.6;6.65;152.1
589;589;55.95;6.1;152.35
590;590;55.25;6.15;151.95
591;591;55.65;6.55;151.95
592;592;55.5;6.95;152.2
593;593;55.2;6.8;151.75
594;594;55.6;6.95;152.35
595;595;55.65;6.7;151.95
596;596;55.6;6.5;151.8
597;597;55.35;6.25;152.3
598;598;55.7;6.25;152.2
599;599;55.7;6.3;152.1
600;600;55.4;6.5;151.8
601;601;55.85;6.7;152.2
602;602;55.45;6.95;152.05
603;603;55.15;6.5;151.7
604;604;55.4;6.2;151.7
605;605;55.25;6.3;152.25
606;606;55.15;6.6;152.4
607;607;55.95;6.25;152.45
608;608;55.9;6.15;151.8
609;609;55.6;6.9;152.35
610;610;55.45;6.15;152.3
611;611;55.4;6.35;151.9
612;612;55.1;6.25;152.2
613;613;55.4;6.65;152.15
614;614;55.55;6.4;152.2
615;615;55.55;6.3;152.4
616;616;55.75;6.3;151.8
617;617;55.4;6.3;152.1
618;618;55.85;6.55;151.8
619;619;55.35;6.25;152.15
620;620;55.4;6.45;151.6
621;621;55.95;6.35;152.1
622;622;55.75;6.5;152.45
623;623;55.4;6.65;151.85
624;624;55.5;6.15;152.45
625;625;55.8;6.8;152.4
626;626;55.85;6.3;152.45
627;627;55.95;6.4;151.6
628;628;55.75;6.7;152.4
629;629;55.1;6.1;151.75
630;630;55.5;6.85;152.3
631;631;55.25;6.45;152.1
632;632;55.45;6.9;152.2
633;633;55.35;6.75;152
634;634;55.7;6.85;151.65
635;635;55.55;6.9;151.95
636;636;55.95;6.55;152.25
637;637;55.7;6.15;151.7
638;638;55.2;6.15;151.85
639;639;55.35;6.75;151.8
640;640;55.55;6.5;151.95
641;641;55.85;6.3;151.65
642;642;55.95;6.95;152.2
643;643;55.15;6.1;151.8
644;644;55.8;6.65;151.9
645;645;55.3;6.35;152.45
646;646;55.75;6.2;152.25
647;647;55.7;6.15;152.3
648;648;55.4;6.8;151.85
649;649;55.7;6.65;152.1
650;650;55.9;6.55;152.3
651;651;55.7;6.9;151.7
652;652;55.15;6.55;152.25
653;653;55.4;6.25;152.15
654;654;55.8;6.45;152.35
655;655;55.4;6.35;151.85
656;656;55.45;6.5;151.75
657;657;55.1;6.95;152.25
658;658;55.35;6.85;152.3
659;659;55.95;6.9;151.65
660;660;55.3;6.4;151.85
661;661;55.9;6.3;152.2
662;662;55.3;6.75;151.65
663;663;55.55;6.6;152.2
664;664;55.25;6.7;152.45
665;665;55.45;6.45;152.3
666;666;55.85;6.5;151.75
667;667;55.5;6.4;152.2
668;668;55.6;6.2;151.8
669;669;55.35;6.35;151.9
670;670;55.15;6.1;152.45
671;671;55.65;6.25;152.15
672;672;55.15;6.55;151.95
673;673;55.8;6.15;152.3
674;674;55.15;6.85;151.8
675;675;55.55;6.55;152.35
676;676;55.75;6.25;151.8
677;677;55.95;6.6;152.4
678;678;55.55;6.5;151.75
679;679;55.5;6.5;152.35
680;680;55.2;6.15;152.4
681;681;55.6;6.2;152.4
682;682;55.45;6.3;151.85
683;683;55.1;6.65;151.8
684;684;55.1;6.75;152.25
685;685;55.4;6.85;151.8
686;686;55.15;6.85;152.2
687;687;55.3;6.9;152.4
688;688;55.75;6.85;152.2
689;689;55.45;6.25;151.8
690;690;55.9;6.95;152.4
691;691;55.3;6.5;152.4
692;692;55.45;6.7;151.8
693;693;55.1;6.7;152.1
694;694;55.35;6.35;151.8
695;695;55.55;6.65;151.8
696;696;55.3;6.3;152
697;697;55.75;6.75;151.95
698;698;55.1;6.65;152.25
699;699;55.25;6.3;151.65
700;700;55.55;6.2;152.15
701;701;55.2;6.25;152.05
702;702;55.5;6.3;151.9
703;703;55.85;6.4;152.1
704;704;55.3;6.65;152.2
705;705;55.25;6.25;151.65
706;706;55.2;6.85;152.45
707;707;55.15;6.45;152.15
708;708;55.5;6.3;151.65
709;709;55.15;6.65;152.4
710;710;55.3;6.6;151.7
711;711;55.1;6.7;151.7
712;712;55.95;6.4;151.85
713;713;55.1;6.4;152.05
714;714;55.6;6.6;152.4
715;715;55.55;6.1;152.2
716;716;55.7;6.2;152
717;717;55.15;6.2;151.8
718;718;55.15;6.4;152
719;719;55.3;6.6;152.4
720;720;55.75;6.45;152.1
721;721;55.35;6.45;152.1
722;722;55.35;6.7;152.05
723;723;55.5;6.85;152
724;724;55.45;6.15;151.65
725;725;55.6;6.95;152.45
726;726;55.55;6.45;151.6
727;727;55.5;6.75;151.7
728;728;55.9;6.5;152.05
729;729;55.15;6.45;151.75
730;730;55.45;6.8;151.8
731;731;55.85;6.3;152.45
732;732;55.55;6.9;152.35
733;733;55.95;6.35;152.25
734;734;55.4;6.3;152.2
735;735;55.4;6.8;152.35
736;736;55.6;6.95;152.3
737;737;55.9;6.5;151.6
738;738;55.85;6.55;152.15
739;739;55.25;6.55;152.4
740;740;55.75;6.4;152
741;741;55.2;6.55;152
742;742;55.2;6.45;152.4
743;743;55.55;6.7;151.65
744;744;55.55;6.7;151.9
745;745;55.3;6.85;151.7
746;746;55.85;6.7;151.65
747;747;55.4;6.25;152.25
748;748;55.75;6.75;151.65
749;749;55.85;6.75;151.9
750;750;55.25;6.2;151.8
751;751;55.35;6.25;152
752;752;55.75;6.75;152.3
753;753;55.25;6.75;152.15
754;754;55.6;6.75;152.15
755;755;55.4;6.25;152.1
756;756;55.65;6.9;151.9
757;757;55.15;6.2;151.65
758;758;55.55;6.5;152
759;759;55.35;6.3;152.25
760;760;55.8;6.45;152.15
761;761;55.1;6.95;152.15
762;762;55.55;6.6;152.05
763;763;55.4;6.8;151.95
764;764;55.7;6.6;152.4
765;765;55.2;6.1;152.3
766;766;55.45;6.45;152.05
767;767;55.4;6.8;152.3
768;768;55.55;6.85;152.4
769;769;55.3;6.9;151.95
770;770;55.95;6.8;152.3
771;771;55.95;6.45;151.6
772;772;55.7;6.9;151.95
773;773;55.15;6.7;151.8
774;774;55.5;6.8;151.7
775;775;55.9;6.6;152.35
776;776;55.6;6.45;151.9
777;777;55.1;6.95;151.65
778;778;55.7;6.55;152.25
779;779;55.75;6.5;151.65
780;780;55.4;6.55;151.85
781;781;55.65;6.45;152.35
782;782;55.4;6.3;152.2
783;783;55.2;6.1;151.8
784;784;55.45;6.3;152.4
785;785;55.55;6.9;151.95
786;786;55.85;6.6;152
787;787;55.45;6.75;151.95
788;788;55.8;6.5;152.4
789;789;55.2;6.7;152.35
790;790;55.95;6.8;151.8
791;791;55.85;6.5;151.95
792;792;55.5;6.25;151.65
793;793;55.5;6.7;152.45
794;794;55.85;6.35;152
795;795;55.15;6.4;152.2
796;796;55.75;6.55;152.15
797;797;55.55;6.9;151.65
798;798;55.95;6.15;152.3
799;799;55.8;6.6;151.95
800;800;55.85;6.75;151.75
801;801;55.35;6.85;151.85
802;802;55.55;6.4;152
803;803;55.7;6.15;152.15
804;804;55.95;6.65;152
805;805;55.25;6.75;151.6
806;806;55.25;6.15;151.9
807;807;55.75;6.5;152.4
808;808;55.75;6.55;151.8
809;809;55.55;6.1;152.45
810;810;55.3;6.8;152.35
811;811;55.45;6.55;152.3
812;812;55.8;6.3;152.3
813;813;55.7;6.15;151.65
814;814;55.45;6.1;152
815;815;55.15;6.65;151.95
816;816;55.8;6.15;152.3
817;817;55.95;6.35;152
818;818;55.25;6.95;152.05
819;819;55.95;6.5;152.05
820;820;55.85;6.7;151.7
821;821;55.45;6.1;151.6
822;822;55.65;6.3;151.65
823;823;55.85;6.55;151.75
824;824;55.45;6.75;151.7
825;825;55.65;6.65;151.65
826;826;55.75;6.3;151.65
827;827;55.65;6.85;151.65
828;828;55.35;6.9;151.6
829;829;55.95;6.1;152.35
830;830;55.45;6.8;151.6
831;831;55.1;6.45;151.6
832;832;55.8;6.15;152.25
833;833;55.6;6.9;151.8
834;834;55.9;6.75;152.15
835;835;55.8;6.8;151.8
836;836;55.7;6.15;151.9
837;837;55.35;6.95;152.2
838;838;55.1;6.6;152.15
839;839;55.75;6.65;151.8
840;840;55.5;6.1;152.1
841;841;55.8;6.85;151.6
842;842;55.15;6.75;152
843;843;55.7;6.3;151.6
844;844;55.4;6.9;151.95
845;845;55.75;6.7;151.9
846;846;55.85;6.65;152.1
847;847;55.55;6.15;152.2
848;848;55.35;6.2;152.2
849;849;55.9;6.25;152.05
850;850;55.55;6.4;151.9
851;851;55.6;6.55;152.1
852;852;55.5;6.85;151.65
853;853;55.1;6.25;152.4
854;854;55.5;6.35;151.8
855;855;55.3;6.7;152
856;856;55.95;6.1;152.35
857;857;55.75;6.75;152.1
858;858;55.6;6.65;151.7
859;859;55.6;6.9;152.1
860;860;55.8;6.6;151.65
861;861;55.55;6.35;151.95
862;862;55.85;6.25;152.2
863;863;55.95;6.65;151.75
864;864;55.3;6.45;152
865;865;55.1;6.25;151.65
866;866;55.55;6.25;151.75
867;867;55.15;6.75;151.7
868;868;55.8;6.6;152.35
869;869;55.5;6.85;151.7
870;870;55.6;6.25;152.15
871;871;55.3;6.85;152.4
872;872;55.85;6.25;152.45
873;873;55.25;6.35;151.6
874;874;55.45;6.55;152.3
875;875;55.3;6.75;151.8
876;876;55.35;6.85;152.1
877;877;55.5;6.35;152.35
878;878;55.7;6.75;152.3
879;879;55.5;6.7;151.8
880;880;55.7;6.8;151.85
881;881;55.5;6.75;152.1
882;882;55.15;6.95;152.25
883;883;55.2;6.55;151.65
884;884;55.5;6.35;151.9
885;885;55.15;6.5;152.1
886;886;55.65;6.15;152
887;887;55.3;6.75;152.2
888;888;55.25;6.65;151.75
889;889;55.15;6.3;152.25
890;890;55.25;6.1;152.4
891;891;55.25;6.35;151.6
892;892;55.2;6.35;152.05
893;893;55.25;6.2;152.3
894;894;55.1;6.8;152.3
895;895;55.6;6.95;151.85
896;896;55.25;6.3;152.2
897;897;55.3;6.4;152.05
898;898;55.1;6.35;152.35
899;899;55.55;6.25;151.65
900;900;55.75;6.45;152.2
901;901;55.1;6.15;151.65
902;902;55.15;6.75;151.6
903;903;55.4;6.65;152.3
904;904;55.3;6.65;152.15
905;905;55.55;6.35;152.15
906;906;55.95;6.65;152.1
907;907;55.3;6.15;152.45
908;908;55.55;6.85;151.65
909;909;55.55;6.45;152.05
910;910;55.6;6.6;152.4
911;911;55.8;6.25;152.4
912;912;55.35;6.85;152.25
913;913;55.5;6.1;152.15
914;914;55.2;6.5;151.7
915;915;55.8;6.25;151.7
916;916;55.35;6.8;152.05
917;917;55.9;6.4;152.3
918;918;55.1;6.15;151.75
919;919;55.65;6.2;152.25
920;920;55.2;6.95;151.95
921;921;55.45;6.4;152.35
922;922;55.4;6.4;151.6
923;923;55.45;6.25;151.9
924;924;55.85;6.2;152.35
925;925;55.6;6.25;151.85
926;926;55.25;6.6;152.15
927;927;55.8;6.65;152.05
928;928;55.8;6.25;151.8
929;929;55.5;6.35;151.9
930;930;55.3;6.4;152.05
931;931;55.9;6.6;152
932;932;55.45;6.1;151.75
933;933;55.65;6.1;152.3
934;934;55.9;6.45;152.25
935;935;55.45;6.45;152.3
936;936;55.95;6.9;151.9
937;937;55.2;6.45;152.2
938;938;55.15;6.3;152.1
939;939;55.25;6.45;152
940;940;55.1;6.4;152
941;941;55.4;6.2;151.7
942;942;55.2;6.7;152.45
943;943;55.65;6.4;152
944;944;55.65;6.1;152.15
945;945;55.2;6.95;151.8
946;946;55.7;6.4;151.75
947;947;55.95;6.55;152
948;948;55.3;6.2;151.75
949;949;55.35;6.25;151.65
950;950;55.85;6.65;152.25
951;951;55.4;6.6;151.7
952;952;55.75;6.8;151.7
953;953;55.8;6.55;151.8
954;954;55.5;6.7;151.85
955;955;55.95;6.65;152.05
956;956;55.35;6.4;152.15
957;957;55.6;6.25;151.95
958;958;55.4;6.2;152.05
959;959;55.55;6.9;152.15
960;960;55.4;6.35;151.9
961;961;55.65;6.3;151.9
962;962;55.85;6.95;152.25
963;963;55.7;6.1;151.6
964;964;55.35;6.7;152.45
965;965;55.1;6.85;151.75
966;966;55.3;6.1;152.15
967;967;55.4;6.35;152
968;968;55.15;6.45;152.1
969;969;55.15;6.15;152.35
970;970;55.9;6.55;152
971;971;55.45;6.65;152.3
972;972;55.85;6.2;152.2
973;973;55.85;6.7;151.6
974;974;55.6;6.2;152.2
975;975;55.85;6.55;152.1
976;976;55.6;6.25;151.85
977;977;55.25;6.15;152.25
978;978;55.7;6.15;152.05
979;979;55.2;6.25;151.6
980;980;55.2;6.65;152.4
981;981;55.35;6.55;151.8
982;982;55.15;6.5;152.2
983;983;55.5;6.75;151.7
984;984;55.3;6.15;151.85
985;985;55.9;6.9;151.7
986;986;55.9;6.9;152.1
987;987;55.5;6.4;152
988;988;55.95;6.45;152
989;989;55.55;6.65;152.35
990;990;55.35;6.8;151.65
991;991;55.1;6.1;152.3
992;992;55.4;6.2;151.7
993;993;55.7;6.65;151.85
994;994;55.45;6.7;151.65
995;995;55.75;6.75;151.85
996;996;55.95;6.5;152.1
997;997;55.8;6.45;152.3
998;998;55.9;6.45;151.75
999;999;55.55;6.75;152.15
1000;1000;56.5;6.95;150.5997593003
1001;1001;56.4;7.25;150.2208507887
1002;1002;56.5;7.7;150.2832243913
1003;1003;56.25;7.1;150.2495092301
1004;1004;56.95;7.65;150.3819480503
1005;1005;56.6;6.95;149.9460209485
1006;1006;56.75;6.5;150.447313225
1007;1007;56.25;6.45;150.0362079984
1008;1008;56.5;6.5;149.5327787456
1009;1009;56.75;7.75;149.9760848057
1010;1010;56.45;6.9;149.8879587951
1011;1011;56.45;7.1;149.8626843462
1012;1012;56.7;7.4;149.6882774637
1013;1013;56.3;7;149.1232510212
1014;1014;56.85;7.6;149.2747588208
1015;1015;56.25;7.05;149.2872916135
1016;1016;56.7;7.5;149.2127686696
1017;1017;56.65;6.45;148.5329649004
1018;1018;56.55;6.75;149.2284965733
1019;1019;56.2;7.4;148.3477735908
1020;1020;56.85;6.75;148.8933075702
1021;1021;56.35;7;148.2265169741
1022;1022;56.3;6.1;148.7843188841
1023;1023;56.4;7.65;148.874809237
1024;1024;56.65;6.2;148.0150511017
1025;1025;56.8;6.35;148.0445656423
1026;1026;56.15;6.8;148.5828561297
1027;1027;56.6;7.95;147.803600619
1028;1028;56.15;6.55;147.5939174106
1029;1029;56.8;7.5;147.8223853732
1030;1030;56.95;7.05;148.1113817829
1031;1031;56.35;6.9;147.9398886911
1032;1032;56.6;7.3;147.745359091
1033;1033;56.55;6.45;147.1258516519
1034;1034;56.2;6.8;147.1801379545
1035;1035;56.1;7.3;147.3760881218
1036;1036;56.7;7.05;147.072984633
1037;1037;56.7;6.9;147.4444503955
1038;1038;56.3;6.65;146.6804895298
1039;1039;56.35;6.95;147.3845605385
1040;1040;56.3;7.4;147.3382331537
1041;1041;56.8;6.2;146.5270310572
1042;1042;56.7;7.5;146.7806027085
1043;1043;56.7;6.75;146.4149085534
1044;1044;56.15;6.5;146.4235008254
1045;1045;56.65;7.65;146.6420153455
1046;1046;56.8;6.65;146.3628753963
1047;1047;56.15;6.7;146.2573394214
1048;1048;56.75;6.25;145.981373834
1049;1049;56.65;6.2;145.7989172565
1050;1050;56.8;6.95;145.9385841531
1051;1051;56.85;7.3;145.4673890086
1052;1052;56.95;6.8;145.7586137033
1053;1053;56.3;6.8;145.5634867822
1054;1054;56.6;7.5;145.3331981442
1055;1055;56.45;7.7;145.7995803803
1056;1056;56.45;7.1;145.9060504577
1057;1057;56.1;6.4;145.147010255
1058;1058;56.5;6.3;144.8807604974
1059;1059;56.7;7.35;145.669702519
1060;1060;56.4;6.25;145.0669773022
1061;1061;56.55;7.9;145.4102348641
1062;1062;56.65;6.45;145.1100839945
1063;1063;56.7;7.3;145.0220962553
1064;1064;56.15;7.4;145.2198637505
1065;1065;56.25;7.45;144.8594067824
1066;1066;56.4;7.65;144.628020314
1067;1067;56.65;6.95;144.3246790108
1068;1068;56.95;7.95;144.2271960523
1069;1069;56.95;6.55;144.3426978327
1070;1070;56.6;7.45;144.0663139825
1071;1071;56.85;6.1;144.2400200136
1072;1072;56.4;6.25;143.9614883736
1073;1073;56.25;6.3;143.8798093471
1074;1074;56.4;6.65;144.0805812875
1075;1075;56.25;6.35;143.9225570082
1076;1076;56.9;7.45;143.2335890307
1077;1077;56.95;7.95;143.5602042043
1078;1078;56.7;7.3;142.9755430618
1079;1079;56.3;7.75;143.5766446824
1080;1080;56.9;6.65;143.3693909186
1081;1081;56.8;6.9;143.4288810392
1082;1082;56.6;6.5;143.3798125208
1083;1083;56.85;7.85;142.9420050874
1084;1084;56.65;6.85;143.0163836117
1085;1085;56.8;6.8;142.4073090131
1086;1086;56.65;7.85;142.5238353806
1087;1087;56.95;6.8;142.4920733779
1088;1088;56.8;6.35;142.667836965
1089;1089;56.6;7.6;142.8526916623
1090;1090;56.45;6.85;142.8355903205
1091;1091;56.1;6.4;141.8970354762
1092;1092;56.25;6.35;142.3536633568
1093;1093;56.55;7.5;141.8125295391
1094;1094;56.35;6.25;141.663968292
1095;1095;56.25;7.15;141.6623261753
1096;1096;56.2;6.75;142.3332089506
1097;1097;56.5;7.95;141.9830670671
1098;1098;56.25;6.4;142.1924179993
1099;1099;56.55;7.55;141.4118460215
1100;1100;59.65;9.15;141.7024555346
1101;1101;59.25;9.95;141.2719072944
1102;1102;59.65;9.05;141.3776744251
1103;1103;59.65;10.7;140.917968834
1104;1104;59.75;9.8;141.7131216896
1105;1105;59.55;9.25;141.5789786746
1106;1106;59.7;10.2;140.9088764826
1107;1107;59.3;9.5;141.1526734387
1108;1108;59.2;10.55;140.9880322184
1109;1109;59.35;9.6;141.1026527087
1110;1110;59.6;10.8;140.5523138291
1111;1111;59.6;10.8;140.2209316742
1112;1112;59.25;9.6;140.8924511687
1113;1113;59.1;10.05;140.7142994422
1114;1114;59.4;10.15;140.0440352099
1115;1115;59.9;10.35;140.652101562
1116;1116;59.35;9.45;140.7486205348
1117;1117;59.3;10.8;139.9714107635
1118;1118;59.7;9.75;139.8110329617
1119;1119;59.85;10.05;140.3189717023
1120;1120;59.4;9.65;139.4831917799
1121;1121;59.1;9.55;139.5663328107
1122;1122;59.1;10.7;140.1688514382
1123;1123;59.95;9;139.3873201281
1124;1124;59.75;9.25;139.5799599978
1125;1125;59.95;10.85;140.0245231108
1126;1126;59.1;9.3;139.5041992718
1127;1127;59.6;10.6;139.7356695275
1128;1128;59.7;9.15;139.1909513384
1129;1129;59.2;9.95;138.7586759876
1130;1130;59.1;9;139.2232022126
1131;1131;59.3;9.7;138.9860805102
1132;1132;59.8;9.95;139.2530395221
1133;1133;59.8;9.3;139.1772280073
1134;1134;59.15;9.8;138.7717879882
1135;1135;59.8;10.65;138.657973479
1136;1136;59.1;9.35;138.6661314637
1137;1137;59.2;9.45;138.187298356
1138;1138;59.55;9;138.4268706397
1139;1139;59.95;10.4;138.103056918
1140;1140;59.6;10.65;138.7980585197
1141;1141;59.25;9.8;138.338773191
1142;1142;59.7;10.9;138.3978116415
1143;1143;59.7;10.25;138.542796048
1144;1144;59.15;10.75;138.1170865569
1145;1145;59.5;9.55;137.8686150236
1146;1146;59.4;10;137.3911834407
1147;1147;59.25;10.65;138.1728364632
1148;1148;59.35;9.4;137.7358041348
1149;1149;59.2;9.45;137.7077839948
1150;1150;59.25;9;137.3727328907
1151;1151;59.15;10.8;137.256143793
1152;1152;59.6;10.95;137.7858072739
1153;1153;59.65;10.8;137.5800443922
1154;1154;59.75;10.65;137.0008147615
1155;1155;59.9;10.75;136.9470314464
1156;1156;59.25;10.6;137.3224943226
1157;1157;59.5;9.45;137.2094540333
1158;1158;59.9;10.9;137.3609149245
1159;1159;59.5;10.5;136.8293530551
1160;1160;59.2;9.8;137.2106656916
1161;1161;59.75;10.3;136.8899519263
1162;1162;59.85;9.7;136.7346303758
1163;1163;59.25;10.7;136.2671740283
1164;1164;59.25;9.1;136.8758011582
1165;1165;59.2;10.2;136.7687006643
1166;1166;59.9;9.1;136.3915553025
1167;1167;59.4;10.45;135.8339209259
1168;1168;59.1;9;135.9070978103
1169;1169;59.55;10.05;135.8856555859
1170;1170;59.1;9.65;135.8372103002
1171;1171;59.9;10.1;135.8666137724
1172;1172;59.45;10.1;136.2341462613
1173;1173;59.9;9.4;136.1634937863
1174;1174;59.65;9;135.4028318849
1175;1175;59.6;9.7;135.1778186117
1176;1176;59.35;9.2;135.8721941407
1177;1177;59.9;9.65;135.8911264446
1178;1178;59.5;9.15;135.7996537915
1179;1179;59.1;9.45;134.8389317197
1180;1180;59.95;9.25;134.8543694306
1181;1181;59.65;10.05;135.5118117888
1182;1182;59.15;9.65;135.3586867686
1183;1183;59.95;9.9;134.6376684911
1184;1184;59.65;10.6;135.3226763285
1185;1185;59.55;10.05;134.6539614118
1186;1186;59.55;10.9;134.3089538754
1187;1187;59.85;9.2;135.0479081136
1188;1188;59.5;9.35;134.4727878883
1189;1189;59.95;9.65;134.2600910709
1190;1190;59.85;10.95;134.1603955475
1191;1191;59.2;10.6;134.1856714827
1192;1192;59.8;9.75;134.4430400926
1193;1193;59.9;9.6;133.977775742
1194;1194;59.7;9.75;133.8003939961
1195;1195;59.45;9.1;133.8329903964
1196;1196;59.5;9.4;134.2624592501
1197;1197;59.55;10.2;134.4019281929
1198;1198;59.8;9.2;133.8699089294
1199;1199;59.2;9.75;133.7068978891
1200;1200;61.95;10.7;133.5324515013
1201;1201;61.61;11.5;134.1343536854
1202;1202;61.4;11.6;133.9142428989
1203;1203;61.75;11.25;133.8754808911
1204;1204;61.9;11.15;133.2811060827
1205;1205;61.7;12.4;133.8011113624
1206;1206;61.75;11.95;132.9898441263
1207;1207;62.3;10.85;132.9997616659
1208;1208;62.9;12;132.8072324919
1209;1209;62.6;11.8;133.5868627672
1210;1210;62.35;11.3;132.8721170126
1211;1211;62.7;11.95;133.4771855371
1212;1212;63.45;12.4;132.6770433425
1213;1213;63.85;11.05;132.6672333275
1214;1214;63.6;11.4;132.5209778709
1215;1215;63.45;10.63;132.5081353336
1216;1216;63.3;11.55;133.0990610284
1217;1217;63.64;11.95;132.345180252
1218;1218;64.9;12.4;132.6321420497
1219;1219;64.25;10.55;132.9083815296
1220;1220;64.25;11.15;132.6565516548
1221;1221;64.75;10.9;132.2619303247
1222;1222;64.3;12.05;131.952566362
1223;1223;64.3;11.9;132.3227531126
1224;1224;64.7;11.75;132.0266035419
1225;1225;64.55;12.05;132.0786218587
1226;1226;64.1;10.6;132.3146675783
1227;1227;64.55;11.2;131.7167709182
1228;1228;64.15;10.95;131.3874980336
1229;1229;64.64;11.8;131.4393634209
1230;1230;64.45;10.55;132.0920762159
1231;1231;65.35;11.8;131.5902211511
1232;1232;65.55;10.8;131.9684008597
1233;1233;65.9;11.55;131.1334718813
1234;1234;65.35;11.05;131.3304593473
1235;1235;65.2;12.4;131.6396408127
1236;1236;65.9;11.15;131.6455560871
1237;1237;65.9;11.9;131.4644282053
1238;1238;65.2;10.5;131.2782722379
1239;1239;65.3;11.25;130.6575375962
1240;1240;65.2;11.45;130.7964460959
1241;1241;65.45;10.7;130.5829083301
1242;1242;65.15;11.05;131.1019728942
1243;1243;65.55;12.2;130.7031837294
1244;1244;66.8;11.3;130.4056313671
1245;1245;66.2;11.55;130.5294257114
1246;1246;66.4;12;130.4546681134
1247;1247;66.8;11.45;130.1698201766
1248;1248;66.95;10.9;130.6760186407
1249;1249;66.6;10.8;130.6845579737
1250;1250;66.6;11.6;129.9314743778
1251;1251;66.2;11.7;130.561214186
1252;1252;66.5;10.85;130.0332092101
1253;1253;66.15;12;130.4183732997
1254;1254;67.4;11.7;130.3232750294
1255;1255;67.2;12.4;130.4437371192
1256;1256;67.5;12;129.4904101908
1257;1257;67.5;10.9;129.5850409727
1258;1258;67.95;10.8;130.2164786579
1259;1259;67.67;10.7;130.2156556931
1260;1260;67.5;11.8;129.7367642837
1261;1261;67.7;12.25;129.4596925977
1262;1262;67.1;10.95;129.1086438274
1263;1263;67.67;12.4;129.447925458
1264;1264;67.8;12.15;129.5607751438
1265;1265;67.55;11.9;129.6139333722
1266;1266;68.9;11.15;129.7279336359
1267;1267;68.1;10.55;129.3842344552
1268;1268;68.15;10.8;128.7461510236
1269;1269;68.3;11.25;129.5326274623
1270;1270;68.25;11.4;128.7396390859
1271;1271;68.2;11.7;128.8687329711
1272;1272;68.9;10.85;129.3469781599
1273;1273;68.68;11.15;128.7455091903
1274;1274;68.7;12.3;128.7078293317
1275;1275;68.85;11.25;128.9456617538
1276;1276;68.3;10.5;128.3329363556
1277;1277;69.5;12.35;128.2364877335
1278;1278;69.15;12.45;128.1926308948
1279;1279;69.3;10.55;128.9468469067
1280;1280;69.7;12.3;128.7920276979
1281;1281;69.8;11.25;127.9354058507
1282;1282;69.1;10.6;128.0019390771
1283;1283;69.8;10.6;128.3584330805
1284;1284;69.45;11.45;127.9026201312
1285;1285;69.9;12.25;128.5022427235
1286;1286;69.4;11.75;127.8190649691
1287;1287;69.3;11.25;128.469947156
1288;1288;70.7;10.6;127.667092606
1289;1289;70.95;11.7;128.179065231
1290;1290;70.8;11.55;128.3316982257
1291;1291;70.35;11.85;127.9556106652
1292;1292;70.9;12.35;127.8389715475
1293;1293;70.35;12.15;128.0471859724
1294;1294;70.25;11.25;127.2905334964
1295;1295;70.15;11.8;127.2860867376
1296;1296;70.5;11.05;127.2360331947
1297;1297;70.9;11;127.1167903384
1298;1298;70.1;10.9;126.9346484349
1299;1299;70.9;11.3;127.3792879152
1300;1300;70.5;11.05;127.3584827438
1301;1301;70.4;11.15;126.8714092726
1302;1302;70.95;12.25;127.2884334904
1303;1303;70.8;11.4;127.173842501
1304;1304;70.2;11.6;127.0132191334
1305;1305;70.75;11.4;127.2989090732
1306;1306;70.85;11.1;126.9887564076
1307;1307;71.75;10.75;127.155285851
1308;1308;71.2;10.8;127.059611045
1309;1309;71.4;12;127.1772581977
1310;1310;71.2;11.45;126.8886663477
1311;1311;71.55;12.4;127.0615681509
1312;1312;71.95;11.5;126.3496004678
1313;1313;71.15;11.85;126.7988291848
1314;1314;71.2;10.75;126.2248819895
1315;1315;71.5;11.75;126.3594891239
1316;1316;71.4;12.25;126.2255139329
1317;1317;71.95;10.8;125.9866017117
1318;1318;71.7;10.6;126.4668405191
1319;1319;71.6;11.9;126.1050621733
1320;1320;71.7;12.2;126.5310646073
1321;1321;71.8;11.75;126.4011806717
1322;1322;71.25;11.2;126.0209649638
1323;1323;71.75;11;126.2935678074
1324;1324;72.8;10.75;126.1722310626
1325;1325;72.35;12.15;125.6730295283
1326;1326;72.72;11.15;126.0550765983
1327;1327;72.72;11.2;126.2337353665
1328;1328;72.2;12.3;125.7383638315
1329;1329;72.9;12.2;126.098368038
1330;1330;72.25;11.95;125.5985541636
1331;1331;72.55;10.6;125.1116299454
1332;1332;72.72;10.75;125.4303145194
1333;1333;72.95;10.6;125.0971452284
1334;1334;72.1;11.05;125.6999575953
1335;1335;72.6;11.3;125.5245404971
1336;1336;72.7;11.45;125.622287328
1337;1337;72.1;11.95;124.8167622275
1338;1338;72.95;12;124.7751753857
1339;1339;72.85;11.6;125.2778475322
1340;1340;72.2;12.2;125.3483549043
1341;1341;72.7;10.7;124.9522195446
1342;1342;72.6;12.25;125.4723537285
1343;1343;72.55;12.3;125.1141504094
1344;1344;72.1;10.8;124.902081488
1345;1345;72.6;10.6;125.1976533859
1346;1346;72.3;12.15;124.6815462277
1347;1347;72.3;12.3;125.1725158947
1348;1348;72.55;11.6;125.1873780578
1349;1349;72.5;10.75;124.4998502329
1350;1350;73.5;11.73;124.1746653305
1351;1351;73.95;11.9;124.9313282679
1352;1352;73.25;10.5;124.5432569724
1353;1353;73.35;11.2;124.9635744314
1354;1354;73.2;11.15;124.1261673822
1355;1355;73.4;10.75;124.3086813899
1356;1356;73.75;12.3;124.7159235989
1357;1357;73.3;11.95;124.0593707026
1358;1358;73.6;11.25;124.6398512519
1359;1359;73.3;12.45;123.7037403288
1360;1360;73.7;11.35;123.9913849031
1361;1361;73.75;11.55;124.3709621156
1362;1362;73.15;12.05;123.8144791019
1363;1363;73.2;11.95;123.5060213367
1364;1364;73.3;10.55;123.4967710584
1365;1365;73.75;11.45;124.339902483
1366;1366;73.8;10.5;124.0033894809
1367;1367;74.1;10.85;123.9147144963
1368;1368;74.3;10.75;124.2350614152
1369;1369;74.3;12;124.0778268159
1370;1370;74.15;12.05;124.0455970493
1371;1371;74.1;10.6;123.5043525832
1372;1372;74.74;10.75;123.3509117849
1373;1373;74.95;10.6;123.4596551848
1374;1374;74.35;11.25;123.3026608825
1375;1375;74.7;11.8;123.5031623224
1376;1376;74.35;10.8;123.678296257
1377;1377;74.74;11.6;122.9116266803
1378;1378;74.75;11.7;123.173824952
1379;1379;74.95;11.85;123.6670654032
1380;1380;74.8;10.8;123.2787675207
1381;1381;74.95;11.45;123.294551196
1382;1382;74.1;10.7;122.9819183317
1383;1383;74.7;11.15;122.5062579964
1384;1384;74.85;12.15;123.249658044
1385;1385;74.7;11.9;123.0474714105
1386;1386;74.25;10.85;123.1721233296
1387;1387;74.2;10.8;122.6096608948
1388;1388;74.8;12.25;122.6588065561
1389;1389;74.75;10.9;122.8237433769
1390;1390;74.55;11.8;122.4469210441
1391;1391;74.55;11.05;122.4533990501
1392;1392;74.4;11.15;122.339541478
1393;1393;74.7;11.95;122.7878530306
1394;1394;74.3;11;123.0197302361
1395;1395;74.4;12.05;122.3805240416
1396;1396;74.7;11.75;122.0363427394
1397;1397;74.35;12.45;122.3993965605
1398;1398;74.74;12.2;122.4035194194
1399;1399;74.15;11.7;121.9244326117
1400;1400;75.4;11.25;122.7814338658
1401;1401;75.45;12.85;121.9471658314
1402;1402;75.1;12.55;122.0429610543
1403;1403;75.15;12.55;122.6271936079
1404;1404;75.15;12.25;121.7458503466
1405;1405;75.65;12.65;121.6410181738
1406;1406;75.5;12.85;122.4644678512
1407;1407;75.7;12.65;122.4125671042
1408;1408;75.35;12.9;122.0017677092
1409;1409;75.55;11.05;122.2864658393
1410;1410;75.2;12.85;121.9184241941
1411;1411;75.55;11.7;121.8331975675
1412;1412;75.85;12.45;121.5139715843
1413;1413;75.7;12.1;121.4007319142
1414;1414;75.3;12.9;121.988259875
1415;1415;75.95;11.75;122.0084648566
1416;1416;75.75;12.05;121.6595476697
1417;1417;75.55;11.35;121.7774173938
1418;1418;75.65;11.05;121.1774135171
1419;1419;75.6;12.85;121.6798460728
1420;1420;75.1;12.75;121.2862456567
1421;1421;75.3;11.75;121.659670325
1422;1422;75.95;11.4;121.8773908064
1423;1423;75.75;11.9;121.5746199194
1424;1424;75.75;11.3;121.0615462069
1425;1425;75.85;11.45;121.7094913614
1426;1426;75.6;11.9;120.9668751534
1427;1427;75.35;12.45;121.416676709
1428;1428;75.35;11.6;121.3354457154
1429;1429;75.8;11.95;120.8621059941
1430;1430;75.65;12.5;120.8447638172
1431;1431;75.15;11.65;120.9030699324
1432;1432;75.95;11.5;121.1056711413
1433;1433;75.25;11.2;121.1906952819
1434;1434;75.75;12.2;120.6352397493
1435;1435;75.9;12;121.19609094
1436;1436;75.55;12.6;120.3702357771
1437;1437;75.7;11.75;120.8333979456
1438;1438;75.15;12.05;120.8276445947
1439;1439;75.6;11.8;120.5373225995
1440;1440;75.6;12.05;120.6075551783
1441;1441;75.3;11.2;120.7322773755
1442;1442;75.7;12.35;120.3062874858
1443;1443;75.4;12.45;120.7055740884
1444;1444;75.25;11.75;120.0417246606
1445;1445;75.1;12.05;120.3042939098
1446;1446;75.15;11.55;120.5909294037
1447;1447;75.4;12.2;120.5696102302
1448;1448;75.2;11.85;120.433643771
1449;1449;75.6;12.3;120.228124441
1450;1450;75.9;12.35;120.7668769552
1451;1451;75.2;12.05;120.4516270875
1452;1452;75.4;11.95;120.1168426322
1453;1453;75.1;12.2;120.1835033212
1454;1454;75.75;11.15;119.8129643657
1455;1455;75.4;12.75;120.1492878568
1456;1456;75.7;11.5;120.1072711404
1457;1457;75.7;11.75;120.3391673495
1458;1458;75.1;12.45;119.9828928162
1459;1459;75.95;12.5;120.1035527953
1460;1460;75.4;11.65;120.2082799688
1461;1461;75.15;11.45;120.1437276181
1462;1462;75.2;11.45;120.2822212978
1463;1463;75.35;11.95;119.5505103954
1464;1464;75.95;12.05;119.6345381194
1465;1465;75.45;12.25;119.8786772915
1466;1466;75.2;11.3;119.4265421042
1467;1467;75.55;12.45;119.6095316731
1468;1468;75.2;11.95;120.1904588084
1469;1469;75.9;11.7;119.4986887032
1470;1470;75.1;11.25;120.0876564797
1471;1471;75.3;12.4;119.4185428928
1472;1472;75.75;12.75;120.0642574401
1473;1473;75.1;12.1;120.0203466229
1474;1474;75.3;11.75;119.2034501533
1475;1475;75.65;12.75;119.7083341384
1476;1476;75.7;12.95;119.9458664467
1477;1477;75.65;11.65;119.8366281526
1478;1478;75.6;11.5;118.9715094954
1479;1479;75.4;12.45;119.0039824302
1480;1480;75.95;12.5;119.4298896828
1481;1481;75.4;12.2;119.1330455324
1482;1482;75.45;11.1;119.0796930571
1483;1483;75.45;12.45;118.7709946942
1484;1484;75.9;12.95;119.1618184135
1485;1485;75.7;12.6;119.4715390457
1486;1486;75.75;11.2;119.6544750122
1487;1487;75.65;11.65;118.687921581
1488;1488;75.25;11.6;118.7482760238
1489;1489;75.3;12.15;119.1604632141
1490;1490;75.7;12.75;119.1807493115
1491;1491;75.8;12.8;119.0863664178
1492;1492;75.5;11.1;119.1447796025
1493;1493;75.45;12.95;118.6530003252
1494;1494;75.15;12.2;118.6184790142
1495;1495;75.6;12.95;119.0047871476
1496;1496;75.4;11.2;118.5126374093
1497;1497;75.35;12.15;119.2478956449
1498;1498;75.85;11.9;118.717502739
1499;1499;75.35;11.6;118.5525726643
1500;1500;75.25;11.6;119.1808691823
1501;1501;75.8;11.15;119.0793872348
1502;1502;75.6;12.55;118.846897669
1503;1503;75.55;12.75;119.1389157796
1504;1504;75.4;12.25;118.9226922727
1505;1505;75.1;12.35;118.2731847043
1506;1506;75.65;12.75;118.2683257798
1507;1507;75.2;12.2;118.7763873206
1508;1508;75.15;11.75;118.9303617035
1509;1509;75.75;12.85;118.3898680906
1510;1510;75.75;11.2;118.2379262425
1511;1511;75.9;11.1;118.1850077702
1512;1512;75.5;11.85;118.8802629387
1513;1513;75.75;12.65;118.6354627254
1514;1514;75.3;11;117.8634433622
1515;1515;75.15;12.45;118.3536674573
1516;1516;75.75;11.35;118.2116463894
1517;1517;75.95;12.8;118.5065480557
1518;1518;75.5;12.45;118.0841442282
1519;1519;75.35;11.75;118.1937990366
1520;1520;75.1;12.25;118.4427553549
1521;1521;75.95;12.6;118.3800186225
1522;1522;75.65;12.15;118.4792953501
1523;1523;75.9;12.7;118.0132478158
1524;1524;75.25;11.8;118.0023483676
1525;1525;75.7;11.55;117.9997218258
1526;1526;75.35;12.75;118.3492688882
1527;1527;75.4;12.75;118.0916976212
1528;1528;75.2;12.55;117.6966211147
1529;1529;75.75;12.65;117.5873933647
1530;1530;75.9;12.45;117.6229173491
1531;1531;75.6;12.5;117.520136329
1532;1532;75.3;11.4;117.425243224
1533;1533;75.6;11.85;117.8242818296
1534;1534;75.75;12;117.3669315865
1535;1535;75.45;11.7;117.6539557348
1536;1536;75.15;12.95;118.1389645534
1537;1537;75.35;12.6;117.9874682104
1538;1538;75.85;12.75;117.1705488953
1539;1539;75.9;12.7;117.2062001577
1540;1540;75.85;11.05;117.7194819068
1541;1541;75.45;11.45;117.350424078
1542;1542;75.8;11.55;117.6128518412
1543;1543;75.4;12.15;117.1413902918
1544;1544;75.15;11.75;117.2590587978
1545;1545;75.25;12.35;117.7302839354
1546;1546;75.75;12.65;117.717660583
1547;1547;75.1;11.95;117.6585428069
1548;1548;75.25;12.2;117.7644271615
1549;1549;75.9;11.25;117.6809504672
1550;1550;75.55;11.6;117.3183617536
1551;1551;75.8;12.35;117.2930517688
1552;1552;75.95;12.6;117.2148443987
1553;1553;75.1;11.15;117.4759295227
1554;1554;75.5;11.65;117.2402422455
1555;1555;75.3;11.2;117.2943806314
1556;1556;75.5;11.1;117.4608226339
1557;1557;75.7;12.8;116.6149963219
1558;1558;75.5;12.9;117.1319355401
1559;1559;75.7;11.65;116.8436596638
1560;1560;75.1;12.45;117.1241753486
1561;1561;75.9;12.3;116.6190164712
1562;1562;75.65;12.9;116.6623891146
1563;1563;75.5;12.6;116.6810065779
1564;1564;75.95;12.25;117.1901271203
1565;1565;75.45;12.15;117.3186042573
1566;1566;75.8;11.4;117.0092784867
1567;1567;75.85;11.2;116.6313118164
1568;1568;75.4;11.35;116.398502781
1569;1569;75.6;11.75;116.5781024753
1570;1570;75.25;12.3;116.798925712
1571;1571;75.55;12.85;116.7564495579
1572;1572;75.45;12.95;116.8228998206
1573;1573;75.85;12.8;116.7845344605
1574;1574;75.85;11.85;116.7467950858
1575;1575;75.45;12.95;116.6292575669
1576;1576;75.9;12.75;116.1482919793
1577;1577;75.35;11.5;116.7263665527
1578;1578;75.85;11.25;116.9702786861
1579;1579;75.25;12;116.3579021689
1580;1580;75.15;11.6;116.2215011955
1581;1581;75.8;11.6;116.9698407145
1582;1582;75.5;12.05;116.5406542258
1583;1583;75.15;12.6;116.5100195492
1584;1584;75.75;11.8;116.5054490644
1585;1585;75.65;12.85;116.0560500881
1586;1586;75.5;12.25;116.6376121429
1587;1587;75.3;12.9;116.0628279821
1588;1588;75.9;12.6;116.4202608705
1589;1589;75.1;12.1;115.8813806145
1590;1590;75.35;11.55;116.7669710656
1591;1591;75.2;11.95;116.3931268753
1592;1592;75.95;12.65;116.0093165128
1593;1593;75.1;12.85;116.7609403792
1594;1594;75.85;12.85;116.2755561254
1595;1595;75.15;12.3;115.9513666618
1596;1596;75.55;12.15;116.1118332465
1597;1597;75.15;11.85;115.7123915568
1598;1598;75.15;12.05;116.3198550891
1599;1599;75.8;11.3;116.530302615
1600;1600;75.45;11.2;115.8628577857
1601;1601;75.7;11.6;115.7114241127
1602;1602;75.1;12.7;115.6231092314
1603;1603;75.65;11.85;115.9092299975
1604;1604;75.55;12.3;116.4801461105
1605;1605;75.75;11.95;116.4653013462
1606;1606;75.9;12.45;115.8930810939
1607;1607;75.15;11.15;116.4099848829
1608;1608;75.75;12.2;116.2077024288
1609;1609;75.75;11.95;115.9769335057
1610;1610;75.5;12.4;115.6092853584
1611;1611;75.75;11.85;116.1372993368
1612;1612;75.1;12.85;115.6714188071
1613;1613;75.7;11.9;115.7839667526
1614;1614;75.5;12.25;115.9395397849
1615;1615;75.2;12.05;115.4131407842
1616;1616;75.2;12.5;115.7313543313
1617;1617;75.8;11.2;115.4312647662
1618;1618;75.7;12.9;115.7075024934
1619;1619;75.7;12.4;116.0829443214
1620;1620;75.8;11.05;116.135755088
1621;1621;75.6;12.05;115.5566119159
1622;1622;75.1;11.6;115.4765106727
1623;1623;75.4;11.5;115.455141032
1624;1624;75.75;11.05;115.7262247334
1625;1625;75.55;11;115.7615575819
1626;1626;75.8;12.9;115.8289554011
1627;1627;75.5;12.55;116.0497614766
1628;1628;75.3;11.5;115.1085718059
1629;1629;75.65;12.05;115.2847463286
1630;1630;75.45;12.35;115.2007855717
1631;1631;75.65;11;115.211151615
1632;1632;75.5;12.05;115.7706603385
1633;1633;75.25;11.75;115.6028360904
1634;1634;75.65;12;115.4601913549
1635;1635;75.9;11.2;115.4097609318
1636;1636;75.4;11.45;114.9224293119
1637;1637;75.95;12.75;115.6941376867
1638;1638;75.55;11.6;114.9993902195
1639;1639;75.2;11.5;115.1840500507
1640;1640;75.8;11.9;115.5860269276
1641;1641;75.8;11.15;115.6243282693
1642;1642;75.3;12.35;114.8482264292
1643;1643;75.25;11.7;115.6942735477
1644;1644;75.3;11;114.8457487037
1645;1645;75.2;11.3;115.4297981193
1646;1646;75.6;11.95;115.3569228687
1647;1647;75.65;11.6;114.7034463287
1648;1648;75.85;12.7;115.5303596247
1649;1649;75.95;12.7;114.8857808494
1650;1650;75.7;11.45;114.6737874382
1651;1651;75.65;12.65;114.6735870732
1652;1652;75.65;11.05;115.231030082
1653;1653;75.55;11.85;115.4562261553
1654;1654;75.15;11.25;114.7911854132
1655;1655;75.85;12.2;114.6703673501
1656;1656;75.95;12.2;115.1925771064
1657;1657;75.3;11.8;114.5530393908
1658;1658;75.8;12.8;114.6384296776
1659;1659;75.75;11.3;115.2368793735
1660;1660;75.35;11;114.6459988363
1661;1661;75.9;11.55;114.5619042191
1662;1662;75.95;12.15;115.0574684801
1663;1663;75.85;11.45;115.1753974276
1664;1664;75.7;12.6;114.7345095919
1665;1665;75.4;11.5;114.5787341585
1666;1666;75.35;12.05;114.9535992324
1667;1667;75.9;12.55;115.2228604385
1668;1668;75.15;11.3;114.6768150073
1669;1669;75.95;12.2;114.8284016729
1670;1670;75.4;11.55;115.0774857488
1671;1671;75.9;12.7;115.1291999563
1672;1672;75.45;11;115.1561027507
1673;1673;75.65;11.3;114.7727986447
1674;1674;75.45;11.35;115.0752214772
1675;1675;75.65;12.9;114.368518842
1676;1676;75.25;12.8;114.4336765098
1677;1677;75.85;11.9;114.5594559402
1678;1678;75.5;11.85;114.3637701526
1679;1679;75.75;11.85;114.9502429037
1680;1680;75.1;12.55;114.1636023749
1681;1681;75.55;12.65;114.621042852
1682;1682;75.75;11.05;114.9245889203
1683;1683;75.7;12.55;114.7814380918
1684;1684;75.9;11.65;114.5337446644
1685;1685;75.1;11.8;114.3835189986
1686;1686;75.85;11.6;114.4241211667
1687;1687;75.4;12.95;114.152581784
1688;1688;75.8;11.9;114.6810411959
1689;1689;75.35;11.95;114.0125762119
1690;1690;75.3;12.35;114.6384740001
1691;1691;75.6;11.05;113.8821320766
1692;1692;75.6;11.8;113.8843558654
1693;1693;75.4;12;114.6322765999
1694;1694;75.2;11.7;114.405366058
1695;1695;75.5;11.15;113.8427245759
1696;1696;75.95;12.05;113.8457105153
1697;1697;75.85;11.45;114.3267000229
1698;1698;75.7;11.7;114.3135065087
1699;1699;75.55;11.35;114.6486294044
1700;1700;75.8;12.65;114.0941913806
1701;1701;75.3;11.1;114.4671924638
1702;1702;75.95;11.8;114.1955175144
1703;1703;75.2;12.35;114.4809344344
1704;1704;75.85;11.1;114.2611440302
1705;1705;75.2;12.5;113.7278726316
1706;1706;75.35;11.7;114.0380932177
1707;1707;75.2;11.35;114.1355595659
1708;1708;75.5;11.55;114.2480034932
1709;1709;75.15;11.4;114.1060871478
1710;1710;75.8;11.55;114.41554728
1711;1711;75.85;11.2;113.8095866452
1712;1712;75.4;11.05;114.1900880266
1713;1713;75.25;11.5;114.13860784
1714;1714;75.95;11.6;114.494225765
1715;1715;75.45;11.1;114.2637410426
1716;1716;75.8;12.65;114.184109691
1717;1717;75.35;11.25;113.6847981433
1718;1718;75.65;11.05;114.3669625425
1719;1719;75.4;12.35;114.1893174692
1720;1720;75.9;12.45;114.3663078344
1721;1721;75.95;11.35;114.4118641636
1722;1722;75.75;11.8;113.9598332394
1723;1723;75.5;11.35;114.2606897075
1724;1724;75.15;12.1;113.5876743917
1725;1725;75.35;11.2;113.6966286558
1726;1726;75.6;12.95;113.7746978721
1727;1727;75.45;12.2;113.9276572622
1728;1728;75.1;12.75;113.819793945
1729;1729;75.4;12.3;114.3237885824
1730;1730;75.65;12.7;114.0353787719
1731;1731;75.45;12.35;114.1293263797
1732;1732;75.95;11.3;114.2278660544
1733;1733;75.6;12.8;114.1329588369
1734;1734;75.25;12.05;113.8503456422
1735;1735;75.25;12.5;114.0737733125
1736;1736;75.1;11.95;113.5301603276
1737;1737;75.9;12.8;113.5024218251
1738;1738;75.95;11.8;113.7918002437
1739;1739;75.8;12.25;113.609005236
1740;1740;75.1;12.1;114.106056868
1741;1741;75.7;11;114.154906613
1742;1742;75.25;12.8;113.3986350975
1743;1743;75.2;12.75;113.5285558076
1744;1744;75.9;12.35;113.8248318696
1745;1745;75.55;12.8;113.4134970817
1746;1746;75.7;11.75;114.010287231
1747;1747;75.8;12.6;113.6814696405
1748;1748;75.65;11.95;113.3225618687
1749;1749;75.2;12.55;113.7172101692
1750;1750;75.45;11.75;113.6044792407
1751;1751;75.9;12;114.079541008
1752;1752;75.95;12.2;113.6050849655
1753;1753;75.95;11.5;113.219122483
1754;1754;75.85;11.4;114.1648449654
1755;1755;75.3;12.9;113.2354735567
1756;1756;75.4;11.95;113.7434882832
1757;1757;75.95;12.1;113.5622584679
1758;1758;75.2;11.2;113.221988279
1759;1759;75.45;12.7;113.3199634437
1760;1760;75.5;12.35;113.1419805718
1761;1761;75.95;11.55;113.5147631856
1762;1762;75.45;11.2;113.9745200953
1763;1763;75.2;12.7;113.5283315502
1764;1764;75.3;11.8;113.3267549858
1765;1765;75.55;11.2;113.4265128641
1766;1766;75.6;11.75;113.239039502
1767;1767;75.35;11.4;113.9067308627
1768;1768;75.15;12.1;113.3225267422
1769;1769;75.45;11.7;113.603859859
1770;1770;75.95;12.2;113.2864279973
1771;1771;75.7;11.7;113.6517822302
1772;1772;75.4;12.4;113.5679487679
1773;1773;75.5;11;113.2013477511
1774;1774;75.65;12.2;113.13780045
1775;1775;75.7;12.3;113.2282262033
1776;1776;75.35;12.55;113.2777461678
1777;1777;75.75;12.8;112.9603641527
1778;1778;75.4;11.55;113.7930598232
1779;1779;75.5;11.65;113.2306159239
1780;1780;75.95;11.3;113.9204873439
1781;1781;75.1;12.8;112.981130479
1782;1782;75.7;11.2;113.2748479762
1783;1783;75.75;11.65;112.9999582885
1784;1784;75.1;11.65;113.5406417918
1785;1785;75.8;11.95;113.7158950154
1786;1786;75.5;12.75;113.1909077166
1787;1787;75.9;11.65;113.622340917
1788;1788;75.6;11.9;113.2376203117
1789;1789;75.3;11.7;113.098716956
1790;1790;75.25;12.8;112.9352189893
1791;1791;75.55;11.2;113.6460428109
1792;1792;75.15;12.5;113.7186275031
1793;1793;75.95;11.15;113.3551282745
1794;1794;75.25;11.8;113.7605454081
1795;1795;75.15;12.5;113.1558404711
1796;1796;75.9;11.2;112.9395353349
1797;1797;75.85;11.8;113.7018307354
1798;1798;75.25;11.3;113.3940396272
1799;1799;75.9;12.8;112.7520044588
1800;1800;75.5;12.1;113.4508718148
1801;1801;75.5;12.6;113.6865240615
1802;1802;75.55;12.75;112.9099591677
1803;1803;75.65;11.95;113.6772990365
1804;1804;75.2;12.9;113.1956253183
1805;1805;75.9;12.85;112.8147165008
1806;1806;75.25;12.4;113.1645619153
1807;1807;75.55;11.2;113.4017449097
1808;1808;75.95;12.1;113.0044074195
1809;1809;75.55;11.55;113.6315869175
1810;1810;75.15;12.65;112.9368352856
1811;1811;75.85;12.15;113.1714949027
1812;1812;75.5;12.25;113.3611687092
1813;1813;75.6;11.8;113.1428083804
1814;1814;75.9;12.15;112.8915404206
1815;1815;75.85;12.05;113.127955038
1816;1816;75.3;12.55;112.6076986573
1817;1817;75.7;11.45;112.5684573587
1818;1818;75.1;12.6;112.6618264531
1819;1819;75.8;11.65;112.743762071
1820;1820;75.9;11.8;113.3947163389
1821;1821;75.55;11.95;112.9219789838
1822;1822;75.85;11.25;113.3731021597
1823;1823;75.2;11.4;112.5143941601
1824;1824;75.4;12.75;112.6025677107
1825;1825;75.3;11;112.6008048435
1826;1826;75.6;11.7;112.7590595431
1827;1827;75.65;12.95;112.8473404225
1828;1828;75.65;12.15;112.8205970817
1829;1829;75.65;12.9;113.1442314401
1830;1830;75.3;12.5;113.2150654456
1831;1831;75.5;12.2;112.5534774294
1832;1832;75.35;11.25;112.7558282393
1833;1833;75.25;11.45;112.4219341058
1834;1834;75.35;11.75;112.5655109066
1835;1835;75.45;11.55;113.0537475568
1836;1836;75.75;12.25;112.4718578706
1837;1837;75.8;11.95;113.3315927602
1838;1838;75.3;12.45;113.3079988094
1839;1839;75.75;12.2;113.0298716681
1840;1840;75.8;11.3;113.1020990111
1841;1841;75.4;12.95;113.1964648731
1842;1842;75.9;12.8;112.4553189992
1843;1843;75.5;11.85;113.1271156985
1844;1844;75.8;11.3;112.4339680553
1845;1845;75.1;11.75;112.8350763924
1846;1846;75.5;11.45;112.6002665125
1847;1847;75.85;11.95;113.0980611453
1848;1848;75.95;12.85;112.8569669221
1849;1849;75.4;11.65;113.0767421939
1850;1850;75.5;11.55;113.0487188064
1851;1851;75.35;11.9;113.108187258
1852;1852;75.75;11;113.194009776
1853;1853;75.75;11.35;112.4816372924
1854;1854;75.95;11.3;112.2270222682
1855;1855;75.2;11.7;113.0131550686
1856;1856;75.65;12.05;112.3537329031
1857;1857;75.4;12.6;112.3800286575
1858;1858;75.65;12.05;112.6556413803
1859;1859;75.45;12.65;112.3711984235
1860;1860;75.4;12.15;112.5075574118
1861;1861;75.85;11.35;112.6295788273
1862;1862;75.35;11.15;112.8368930073
1863;1863;75.85;11;112.3855343681
1864;1864;75.8;11.85;112.7259032555
1865;1865;75.75;11.35;112.8775685708
1866;1866;75.6;12.8;112.077595418
1867;1867;75.75;11.5;112.4465320142
1868;1868;75.75;11.8;112.1334679238
1869;1869;75.85;11.2;112.8717610305
1870;1870;75.85;11.15;112.5664984181
1871;1871;75.2;11.05;112.4350145415
1872;1872;75.55;11.6;112.5659225879
1873;1873;75.25;11.15;112.2715230582
1874;1874;75.35;11.8;112.8310069796
1875;1875;75.35;11.95;112.2825837732
1876;1876;75.6;12.6;112.3662590145
1877;1877;75.45;11.55;111.9992526947
1878;1878;75.95;12.4;112.3940008504
1879;1879;75.5;11.2;112.756320528
1880;1880;75.55;11.65;112.1544027276
1881;1881;75.9;11.55;112.2700376409
1882;1882;75.15;11.05;112.5158358441
1883;1883;75.65;12.85;112.7373536742
1884;1884;75.5;11.9;112.1099580711
1885;1885;75.7;11.6;112.6866285893
1886;1886;75.75;11.35;112.7827907599
1887;1887;75.5;11.75;112.6010396386
1888;1888;75.85;12.2;112.7878191971
1889;1889;75.8;11.35;112.4822747239
1890;1890;75.6;12.35;112.8051420186
1891;1891;75.7;11.5;112.5656838752
1892;1892;75.35;11.5;112.8023784973
1893;1893;75.85;12.35;112.7479010659
1894;1894;75.1;11.65;112.512305557
1895;1895;75.9;11.8;112.138518146
1896;1896;75.75;12.1;112.4195860345
1897;1897;75.4;12.8;112.3616521787
1898;1898;75.7;11.75;112.1355242198
1899;1899;75.1;11.35;112.4227856656
1900;1900;75.8;11.35;112.5721658005
1901;1901;75.75;11.5;112.0417703819
1902;1902;75.65;11.05;112.2538524627
1903;1903;75.9;11;112.2553781893
1904;1904;75.25;11;111.7781080162
1905;1905;75.9;11.65;111.8254962804
1906;1906;75.7;11.15;112.3325486435
1907;1907;75.65;12.95;112.3364737631
1908;1908;75.9;11.35;111.7598039316
1909;1909;75.35;12.75;112.0460961697
1910;1910;75.65;12.9;111.6895209391
1911;1911;75.65;12.8;112.2259552163
1912;1912;75.6;12.05;112.4430395143
1913;1913;75.4;12.25;111.7170678372
1914;1914;75.2;11;112.126637991
1915;1915;75.65;12.55;112.1693460938
1916;1916;75.2;12.45;111.8201750551
1917;1917;75.45;12;112.0965914917
1918;1918;75.65;11.35;112.5443687227
1919;1919;75.4;11.3;112.3036185808
1920;1920;75.4;11.2;111.970459003
1921;1921;75.55;12.7;112.3442739218
1922;1922;75.25;11.5;112.1182625911
1923;1923;75.4;12.95;111.8459816584
1924;1924;75.7;12.6;112.2495509486
1925;1925;75.95;11.1;111.7141827662
1926;1926;75.6;12.5;111.758425528
1927;1927;75.2;12.2;112.2186781748
1928;1928;75.7;11.9;111.8085782216
1929;1929;75.4;12.4;111.5665581939
1930;1930;75.15;12.4;111.8859371157
1931;1931;75.45;11.25;112.3177549365
1932;1932;75.95;11.5;112.4062330177
1933;1933;75.55;11.6;112.2779357269
1934;1934;75.8;11.15;112.0955930211
1935;1935;75.15;11.35;111.9351449838
1936;1936;75.3;12;111.8511011495
1937;1937;75.4;11.15;111.784901119
1938;1938;75.5;12.05;111.4780526051
1939;1939;75.9;12.35;111.4514466963
1940;1940;75.45;11;111.4597215577
1941;1941;75.75;11.7;112.1901864716
1942;1942;75.75;11.65;111.3963769783
1943;1943;75.15;12;111.8170735584
1944;1944;75.6;12.85;111.6353200229
1945;1945;75.7;12.95;112.1901030719
1946;1946;75.6;11.8;111.8174743419
1947;1947;75.45;11.75;111.4875266396
1948;1948;75.6;11.1;111.6073432085
1949;1949;75.65;12.2;112.1284643824
1950;1950;75.1;12.55;112.0388567753
1951;1951;75.5;12.25;111.9727863423
1952;1952;75.85;12;111.2235595072
1953;1953;75.2;11.25;112.0536404436
1954;1954;75.95;11.25;112.0126139073
1955;1955;75.25;11.15;111.2216848441
1956;1956;75.25;11.1;112.0623217694
1957;1957;75.65;11.1;111.3670361564
1958;1958;75.85;12.7;111.4025657488
1959;1959;75.45;11.35;111.5290988359
1960;1960;75.45;12.8;111.3301182793
1961;1961;75.1;11.65;111.9122648145
1962;1962;75.55;12.2;111.3739825926
1963;1963;75.5;12.7;111.440056143
1964;1964;75.85;12.95;111.8305424314
1965;1965;75.2;12.95;111.8855205783
1966;1966;75.25;11.05;111.0946294111
1967;1967;75.4;11.65;111.7103371133
1968;1968;75.35;12.3;111.6689809798
1969;1969;75.95;11.5;111.491808061
1970;1970;75.4;12.5;111.4282043217
1971;1971;75.75;11.3;111.7291092716
1972;1972;75.6;12.45;111.5701400593
1973;1973;75.45;11.55;111.2087877393
1974;1974;75.85;11.6;111.681276765
1975;1975;75.25;12.3;111.7770880063
1976;1976;75.2;11.05;111.5805408599
1977;1977;75.4;11.5;111.1537543021
1978;1978;75.2;12.25;111.704230785
1979;1979;75.45;12.1;111.9002278648
1980;1980;75.55;12.9;111.4352151401
1981;1981;75.9;11.9;111.8734049337
1982;1982;75.95;11.2;111.6591676889
1983;1983;75.85;11.3;111.1662805156
1984;1984;75.15;12.3;111.3145099796
1985;1985;75.25;12.05;111.5272595949
1986;1986;75.7;11.1;110.8783481171
1987;1987;75.95;12.1;111.354479924
1988;1988;75.25;11.15;111.3356129629
1989;1989;75.55;12.25;111.5097551392
1990;1990;75.4;11.7;111.668742486
1991;1991;75.15;11.8;111.4240570114
1992;1992;75.55;11.3;111.4499754258
1993;1993;75.55;12.8;111.1821633321
1994;1994;75.75;11.4;111.6865128616
1995;1995;75.2;11;111.0576627911
1996;1996;75.7;11.15;110.815232977
1997;1997;75.25;12.5;111.2004131498
1998;1998;75.5;12.95;111.2183670639
1999;1999;75.35;11.8;111.1961308064
2000;2000;75.25;12.65;111.49089828
2001;2001;75.75;12.7;111.7173557401
2002;2002;75.9;13.45;110.8851287952
2003;2003;75.1;13.35;111.0015133315
2004;2004;75.6;14.3;110.7731353864
2005;2005;75.35;14.6;111.1623316554
2006;2006;75.75;15.25;111.2727849125
2007;2007;75.85;15.7;110.7532693183
2008;2008;75.35;15.9;111.546283402
2009;2009;75.2;16.3;110.8323087751
2010;2010;75.2;16.5;110.9172024904
2011;2011;75.1;17.2;111.5165744038
2012;2012;75.7;16.8;111.414037115
2013;2013;75.4;15.15;110.7550799905
2014;2014;75.95;14.25;111.2905973508
2015;2015;75.9;12.3;111.6855149207
2016;2016;75.85;11.55;110.9182953551
2017;2017;75.6;10.7;110.8133261074
2018;2018;75.25;9.4;111.2212706243
2019;2019;75.35;8.9;111.6234187195
2020;2020;75.4;7.2;111.0909784455
2021;2021;75.75;7.25;111.3567602721
2022;2022;75.9;7.75;111.5734076361
2023;2023;75.6;6.75;111.0028787828
2024;2024;75.75;6.85;110.7409977645
2025;2025;75.3;6.25;110.7614382233
2026;2026;75.2;6.95;110.822178711
2027;2027;75.75;6.25;111.0529076013
2028;2028;75.9;6.25;111.0213284693
2029;2029;75.45;6.7;111.2882459192
2030;2030;75.8;6.4;111.2435110375
2031;2031;75.75;6.15;110.8847645868
2032;2032;75.7;6.4;111.6158276559
2033;2033;75.95;6.4;110.8368265659
2034;2034;75.45;6.2;110.7888156667
2035;2035;75.85;6.55;111.394776121
2036;2036;75.1;6.65;110.8089346183
2037;2037;75.75;6.95;111.6661667405
2038;2038;75.65;6.5;110.7586500335
2039;2039;75.1;6.65;111.3296090714
2040;2040;75.3;6.65;110.7582009733
2041;2041;75.35;6.35;111.0839891343
2042;2042;75.8;6.45;111.4916099136
2043;2043;75.85;6.15;111.4108523103
2044;2044;75.9;6.85;111.6808533636
2045;2045;75.5;6.3;111.0130333246
2046;2046;75.35;6.8;111.2556952569
2047;2047;75.2;6.85;110.9581209582
2048;2048;75.1;6.75;111.1862846776
2049;2049;75.7;6.2;111.2488316009
2050;2050;75.35;6.3;111.7162877978
2051;2051;75.9;6.45;111.2815539919
2052;2052;75.7;6.9;111.5194832208
2053;2053;75.9;6.8;111.1095164325
2054;2054;75.3;6.5;111.1843932439
2055;2055;75.1;6.85;110.736038303
2056;2056;75.65;6.7;111.0654555958
2057;2057;75.45;6.7;111.6380724316
2058;2058;75.8;6.1;111.1621797127
2059;2059;75.65;6.85;111.3264276856
2060;2060;75.85;6.6;111.6910622155
2061;2061;75.9;6.15;110.799140238
2062;2062;75.5;6.15;111.3936873812
2063;2063;75.75;6.8;111.6392368698
2064;2064;75.25;6.5;111.3273350986
2065;2065;75.75;6.7;111.5324069287
2066;2066;75.5;6.1;111.3259234957
2067;2067;75.4;6.45;111.2623957529
2068;2068;75.3;6.85;111.0802529329
2069;2069;75.35;6.25;111.5636910545
2070;2070;75.75;6.3;110.8413154804
2071;2071;75.75;6.85;111.3613258752
2072;2072;75.15;6.15;110.7444002731
2073;2073;75.45;6.6;111.370875651
2074;2074;75.85;6.3;110.9231914643
2075;2075;75.75;6.25;111.2571394092
2076;2076;75.2;6.15;111.4213890303
2077;2077;75.35;6.35;110.7409432677
2078;2078;75.1;6.25;110.8165696794
2079;2079;75.2;6.7;111.2322529699
2080;2080;75.7;6.95;111.2887823156
2081;2081;75.35;6.9;111.5978020723
2082;2082;75.4;6.85;110.8137519716
2083;2083;75.75;6.55;111.6965123909
2084;2084;75.2;6.3;110.8792236469
2085;2085;75.25;6.3;111.3340002336
2086;2086;75.65;6.6;110.8415757695
2087;2087;75.4;6.75;111.1887404896
2088;2088;75.65;6.8;110.8806175096
2089;2089;75.75;6.45;111.0167061177
2090;2090;75.85;6.75;110.7616486813
2091;2091;75.5;6.4;111.0834435351
2092;2092;75.9;6.75;110.7712069175
2093;2093;75.5;6.95;111.1775399403
2094;2094;75.55;6.95;110.9168848992
2095;2095;75.6;6.3;111.5490747777
2096;2096;75.7;6.15;111.3163363668
2097;2097;75.55;6.65;110.9163059308
2098;2098;75.2;6.65;110.9942727885
2099;2099;75.7;6.75;110.9951650931
2100;2100;75.5;6.35;111.1654459536
2101;2101;75.35;6.85;111.387599164
2102;2102;75.15;6.55;111.1351906599
2103;2103;75.85;6.7;111.6454055182
2104;2104;75.25;6.55;111.6070479702
2105;2105;75.75;6.6;111.183691121
2106;2106;75.15;6.85;111.5676720646
2107;2107;75.8;6.55;110.9011201242
2108;2108;75.25;6.7;111.4472011386
2109;2109;75.6;6.55;110.9203527721
2110;2110;75.25;6.6;111.2726158027
2111;2111;75.5;6.1;110.7804684008
2112;2112;75.85;6.65;111.4097729447
2113;2113;75.75;6.2;111.1268354836
2114;2114;75.7;6.6;110.7218786448
2115;2115;75.85;6.1;111.2500967265
2116;2116;75.75;6.5;111.4926250933
2117;2117;75.45;6.7;111.5921720239
2118;2118;75.2;6.8;111.6910325866
2119;2119;75.65;6.75;111.4420123895
2120;2120;75.1;6.75;111.5847909001
2121;2121;75.4;6.45;111.2788179287
2122;2122;75.3;6.8;111.5724940712
2123;2123;75.15;6.1;110.7729622249
2124;2124;75.35;6.3;110.8673345633
2125;2125;75.25;6.15;110.8301742513
2126;2126;75.8;6.95;111.2920913017
2127;2127;75.25;6.15;111.1720471774
2128;2128;75.55;6.85;110.9547673741
2129;2129;75.35;6.25;110.7498380377
2130;2130;75.1;6.4;111.461474668
2131;2131;75.9;6.65;111.2057318844
2132;2132;75.65;6.75;111.37919273
2133;2133;75.2;6.3;111.0960203915
2134;2134;75.4;6.75;111.0471140857
2135;2135;75.2;6.3;111.2707524959
2136;2136;75.55;6.2;111.494850087
2137;2137;75.2;6.5;110.8830704456
2138;2138;75.9;6.95;110.8214229814
2139;2139;75.55;6.9;111.1715510902
2140;2140;75.35;6.95;111.6964942087
2141;2141;75.45;6.9;110.9803416443
2142;2142;75.4;6.35;111.47971683
2143;2143;75.4;6.85;111.3801087987
2144;2144;75.9;6.2;111.3143235077
2145;2145;75.85;6.65;111.1628168985
2146;2146;75.3;6.5;110.7816578897
2147;2147;75.85;6.9;111.5967223766
2148;2148;75.8;6.95;111.6701238978
2149;2149;75.1;6.4;110.9622911003
2150;2150;75.8;6.35;110.8021493319
2151;2151;75.8;6.2;111.181088137
2152;2152;75.5;6.9;110.8091031232
2153;2153;75.5;6.6;111.5835912843
2154;2154;75.1;6.45;111.2405937235
2155;2155;75.95;6.15;111.0394011294
2156;2156;75.8;6.65;111.5809427048
2157;2157;75.8;6.55;110.7356600368
2158;2158;75.8;6.1;111.5163174144
2159;2159;75.3;6.9;110.7433995293
2160;2160;75.5;6.2;110.977873574
2161;2161;75.25;6.65;110.9610999259
2162;2162;75.35;6.1;111.6459923063
2163;2163;75.8;6.1;111.2515280268
2164;2164;75.65;6.5;111.3875782714
2165;2165;75.75;6.6;111.717949858
2166;2166;75.1;6.25;110.7921387547
2167;2167;75.35;6.75;110.9380718118
2168;2168;75.65;6.95;111.1251314071
2169;2169;75.85;6.95;111.2275252049
2170;2170;75.3;6.1;110.9700719179
2171;2171;75.25;6.65;111.3162233834
2172;2172;75.35;6.35;111.495610049
2173;2173;75.3;6.3;111.4323754392
2174;2174;75.35;6.25;111.4826750569
2175;2175;75.55;6.1;111.692946736
2176;2176;75.55;6.1;111.2281289839
2177;2177;75.9;6.15;111.4399480832
2178;2178;75.35;6.8;111.1430735425
2179;2179;75.35;6.65;111.5253909272
2180;2180;75.35;6.3;110.951889233
2181;2181;75.2;6.15;111.4398344539
2182;2182;75.1;6.7;110.7783648088
2183;2183;75.95;6.85;111.5671181446
2184;2184;75.8;6.4;110.9053028208
2185;2185;75.25;6.95;110.7225845862
2186;2186;75.15;6.7;111.5746498469
2187;2187;75.9;6.65;111.3837408035
2188;2188;75.75;6.4;111.2142983694
2189;2189;75.7;6.15;111.1364948615
2190;2190;75.4;6.15;111.0925241362
2191;2191;75.8;6.7;111.611279466
2192;2192;75.45;6.75;110.7992101969
2193;2193;75.1;6.6;111.2462466662
2194;2194;75.7;6.4;111.5354249988
2195;2195;75.8;6.3;111.4437180276
2196;2196;75.6;6.8;110.8891548992
2197;2197;75.9;6.7;111.2637275632
2198;2198;75.2;6.5;111.4167127721
2199;2199;75.95;6.45;110.9144783607
2200;2200;75.25;6.75;111.6432313125
2201;2201;75.7;6.15;110.8426032244
2202;2202;75.8;6.65;111.1194095554
2203;2203;75.75;6.7;111.3467200848
2204;2204;75.35;6.3;111.4308402622
2205;2205;75.6;6.45;111.6514255989
2206;2206;75.55;6.95;110.9099425441
2207;2207;75.4;6.45;111.4532669215
2208;2208;75.15;6.15;111.1319962505
2209;2209;75.1;6.2;111.7090443441
2210;2210;75.85;6.9;111.1084057906
2211;2211;75.7;6.4;111.6192220217
2212;2212;75.65;6.4;111.1794578822
2213;2213;75.85;6.55;111.1927558894
2214;2214;75.6;6.65;111.0998207312
2215;2215;75.45;6.55;110.9529360473
2216;2216;75.35;6.55;110.9977059479
2217;2217;75.35;6.4;111.2826086572
2218;2218;75.5;6.55;111.0440946
2219;2219;75.85;6.1;111.3020194033
2220;2220;75.95;6.65;111.6396452596
2221;2221;75.55;6.1;111.3465349274
2222;2222;75.1;6.2;111.4506610937
2223;2223;75.35;6.85;111.6178928875
2224;2224;75.5;6.2;111.2234247928
2225;2225;75.5;6.35;110.8541726671
2226;2226;75.6;6.85;111.1687047873
2227;2227;75.2;6.85;111.5127453271
2228;2228;75.65;6.7;111.0729633193
2229;2229;75.55;6.65;111.4919154311
2230;2230;75.95;6.9;111.71503886
2231;2231;75.65;6.1;111.6644123884
2232;2232;75.8;6.1;111.2365219146
2233;2233;75.45;6.55;111.6625250427
2234;2234;75.15;6.4;110.8312261978
2235;2235;75.45;6.6;110.9255630155
2236;2236;75.15;6.2;110.924882089
2237;2237;75.25;6.7;111.5749913364
2238;2238;75.2;6.25;111.6409788919
2239;2239;75.95;6.85;111.7138097924
2240;2240;75.9;6.8;111.5248541166
2241;2241;75.25;6.85;111.604402809
2242;2242;75.55;6.55;111.1653024943
2243;2243;75.1;6.2;111.2496025311
2244;2244;75.75;6.25;111.3565791052
2245;2245;75.4;6.85;110.9496396636
2246;2246;75.3;6.3;111.1920797581
2247;2247;75.95;6.8;111.4835158713
2248;2248;75.85;6.55;111.3295440302
2249;2249;75.25;6.7;111.2890502387
2250;2250;75.8;6.6;111.4503277638
2251;2251;75.65;6.95;110.7360566797
2252;2252;75.7;6.65;111.3719661669
2253;2253;75.15;6.3;111.6258202503
2254;2254;75.1;6.3;111.2543940808
2255;2255;75.5;6.45;111.4960402726
2256;2256;75.7;6.15;111.3305778015
2257;2257;75.1;6.3;110.9022329008
2258;2258;75.55;6.8;111.0087394016
2259;2259;75.35;6.45;110.8491667819
2260;2260;75.3;6.65;111.5896212745
2261;2261;75.1;6.8;111.5113622691
2262;2262;75.65;6.9;111.459347717
2263;2263;75.4;6.55;111.4141010749
2264;2264;75.2;6.95;110.9639038425
2265;2265;75.4;6.4;110.8442849897
2266;2266;75.9;6.35;111.3006665779
2267;2267;75.5;6.8;111.257563347
2268;2268;75.55;6.75;110.9337341669
2269;2269;75.75;6.5;111.532940635
2270;2270;75.25;6.75;110.7771801323
2271;2271;75.2;6.8;111.6886556025
2272;2272;75.1;6.8;111.5333470996
2273;2273;75.5;6.65;111.1854815055
2274;2274;75.75;6.15;111.6565525071
2275;2275;75.85;6.3;110.930520044
2276;2276;75.3;6.45;110.9708701931
2277;2277;75.4;6.6;110.8484439536
2278;2278;75.55;6.3;111.7164263255
2279;2279;75.7;6.8;111.4582126106
2280;2280;75.9;6.8;111.3097295291
2281;2281;75.3;6.15;111.3831606303
2282;2282;75.4;6.55;111.0248252414
2283;2283;75.25;6.15;110.9732382002
2284;2284;75.65;6.35;111.4003039501
2285;2285;75.9;6.9;111.250286537
2286;2286;75.75;6.25;111.5377166656
2287;2287;75.35;6.25;110.7766430513
2288;2288;75.1;6.95;111.6000100375
2289;2289;75.65;6.85;111.5194579193
2290;2290;75.6;6.8;110.7610001033
2291;2291;75.75;6.4;111.4285032903
2292;2292;75.8;6.8;111.34523169
2293;2293;75.75;6.15;111.2898237871
2294;2294;75.6;6.75;110.76858106
2295;2295;75.85;6.55;110.7851648049
2296;2296;75.85;6.9;111.4240708936
2297;2297;75.7;6.45;111.3069199666
2298;2298;75.8;6.6;111.6263651266
2299;2299;75.55;6.8;111.3138557482
2300;2300;75.5;6.65;111.6955807363
2301;2301;75.8;6.55;111.0901406952
2302;2302;75.6;6.9;110.9308892002
2303;2303;75.15;6.35;111.3611497362
2304;2304;75.25;6.2;111.100065517
2305;2305;75.6;6.2;111.2129647306
2306;2306;75.8;6.95;111.5267241011
2307;2307;75.25;6.45;111.1796069758
2308;2308;75.65;6.95;111.5551424481
2309;2309;75.15;6.8;111.5394155246
2310;2310;75.55;6.95;110.9060747526
2311;2311;75.85;6.45;111.2774776407
2312;2312;75.95;6.45;111.4517283142
2313;2313;75.55;6.6;111.2391647522
2314;2314;75.9;6.15;111.301394532
2315;2315;75.4;6.9;111.558006129
2316;2316;75.9;6.5;111.6737706783
2317;2317;75.45;6.1;110.9401534819
2318;2318;75.35;6.8;111.3161052603
2319;2319;75.35;6.9;110.7848306522
2320;2320;75.25;6.6;111.2406607003
2321;2321;75.75;6.7;111.4377093758
2322;2322;75.65;6.9;111.0177847699
2323;2323;75.8;6.95;111.4584096209
2324;2324;75.1;6.85;111.3493810371
2325;2325;75.95;6.6;111.6407668835
2326;2326;75.7;6.6;111.1255404945
2327;2327;75.1;6.25;110.8684452689
2328;2328;75.75;6.9;111.3130253062
2329;2329;75.75;6.5;111.1599523088
2330;2330;75.85;6.2;110.9808317425
2331;2331;75.35;6.95;111.7134296582
2332;2332;75.9;6.85;111.0921681763
2333;2333;75.45;6.25;111.2092247035
2334;2334;75.8;6.95;111.5798683747
2335;2335;75.85;6.6;111.2975896146
2336;2336;75.25;6.8;111.645710703
2337;2337;75.65;6.8;111.0394393429
2338;2338;75.75;6.75;111.4797067112
2339;2339;75.9;6.3;111.3947196142
2340;2340;75.4;6.4;111.0023001961
2341;2341;75.3;6.8;111.5604759357
2342;2342;75.55;6.95;110.9113967072
2343;2343;75.35;6.85;111.3582884022
2344;2344;75.15;6.25;110.7917139228
2345;2345;75.45;6.35;110.8389600441
2346;2346;75.4;6.65;111.27820035
2347;2347;75.9;6.3;111.6133219621
2348;2348;75.6;6.75;111.6322797269
2349;2349;75.45;6.1;111.7129348328
2350;2350;75.6;6.55;111.1654259151
2351;2351;75.5;6.9;111.5209871247
2352;2352;75.3;6.1;110.8864308687
2353;2353;75.95;6.55;111.3488044825
2354;2354;75.8;6.5;110.9009594973
2355;2355;75.25;6.3;111.0981291321
2356;2356;75.3;6.65;111.0528388762
2357;2357;75.3;6.75;111.486301129
2358;2358;75.95;6.15;110.7413089508
2359;2359;75.8;6.35;111.0563825353
2360;2360;75.65;6.95;110.8711701767
2361;2361;75.7;6.4;110.9290950315
2362;2362;75.6;6.1;111.7038635325
2363;2363;75.25;6.75;111.116109018
2364;2364;75.15;6.3;111.3030601056
2365;2365;75.55;6.2;111.4289349574
2366;2366;75.95;6.35;111.4146206216
2367;2367;75.7;6.35;110.8922164906
2368;2368;75.1;6.3;111.2236840739
2369;2369;75.1;6.35;111.2025145749
2370;2370;75.65;6.75;110.883913491
2371;2371;75.15;6.35;111.5875254793
2372;2372;75.85;6.55;111.2080620327
2373;2373;75.75;6.15;110.7410409407
2374;2374;75.65;6.6;111.3375027147
2375;2375;75.45;6.65;110.9652323379
2376;2376;75.8;6.7;111.4894277593
2377;2377;75.2;6.95;111.5811575363
2378;2378;75.85;6.9;110.9960586445
2379;2379;75.3;6.9;111.2000502886
2380;2380;75.1;6.65;111.0309080878
2381;2381;75.65;6.75;110.9387743317
2382;2382;75.6;6.8;111.2005548803
2383;2383;75.95;6.5;111.0654134467
2384;2384;75.4;6.25;111.5063169757
2385;2385;75.8;6.9;111.3097781868
2386;2386;75.15;6.5;111.513174342
2387;2387;75.75;6.1;111.6567538104
2388;2388;75.45;6.85;110.7549840282
2389;2389;75.6;6.75;111.4944171645
2390;2390;75.75;6.15;111.2096477484
2391;2391;75.1;6.9;111.6099089184
2392;2392;75.95;6.45;110.9579637004
2393;2393;75.55;6.35;111.6292364975
2394;2394;75.9;6.45;110.8747937528
2395;2395;75.25;6.55;111.6257892226
2396;2396;75.35;6.25;111.5600876464
2397;2397;75.1;6.9;110.9715113351
2398;2398;75.95;6.3;110.9888365136
2399;2399;75.4;6.45;111.1202605553
2400;2400;75.95;6.3;111.6609865763
2401;2401;75.4;6.9;110.9471313646
2402;2402;75.6;6.15;110.7743196136
2403;2403;75.55;6.2;111.3635144921
2404;2404;75.25;6.7;111.1486298531
2405;2405;75.65;6.4;111.3313718313
2406;2406;75.8;6.2;111.1184071256
2407;2407;75.7;6.65;111.5297222804
2408;2408;75.7;6.4;110.9143245383
2409;2409;75.4;6.75;111.5143192516
2410;2410;75.2;6.95;111.4740758317
2411;2411;75.8;6.75;111.4345219527
2412;2412;75.55;6.75;110.7985235101
2413;2413;75.55;6.75;111.5368204965
2414;2414;75.65;6.65;111.0487069099
2415;2415;75.15;6.25;110.8792844417
2416;2416;75.35;6.6;111.0499168376
2417;2417;75.7;6.3;110.9363366
2418;2418;75.15;6.7;111.2632508881
2419;2419;75.1;6.7;111.0903806782
2420;2420;75.5;6.6;110.8310766504
2421;2421;75.5;6.8;111.6538625565
2422;2422;75.4;6.9;111.692800324
2423;2423;75.4;6.9;111.7164779376
2424;2424;75.5;6.3;110.7777215641
2425;2425;75.65;6.95;111.0073272551
2426;2426;75.35;6.35;111.5750559713
2427;2427;75.55;6.65;111.3981184482
2428;2428;75.3;6.3;111.085128228
2429;2429;75.15;6.85;111.1307522045
2430;2430;75.55;6.8;111.2427293333
2431;2431;75.6;6.1;111.2957756103
2432;2432;75.75;6.25;111.3022072877
2433;2433;75.5;6.25;111.1879674029
2434;2434;75.4;6.3;111.535488589
2435;2435;75.65;6.15;111.6011607196
2436;2436;75.3;6.1;110.9511409691
2437;2437;75.25;6.65;111.0899022171
2438;2438;75.55;6.3;110.7678414204
2439;2439;75.4;6.45;111.6507621373
2440;2440;75.45;6.75;111.1040720668
2441;2441;75.85;6.2;111.3093683804
2442;2442;75.55;6.5;110.8754242887
2443;2443;75.3;6.6;110.9475425906
2444;2444;75.6;6.85;110.985052679
2445;2445;75.45;6.5;110.9519021395
2446;2446;75.7;6.45;111.5830066498
2447;2447;75.35;6.8;111.2423723601
2448;2448;75.8;6.35;111.6549021704
2449;2449;75.25;6.85;111.5895734662
2450;2450;75.85;6.6;111.6993915695
2451;2451;75.85;6.45;111.218824544
2452;2452;75.25;6.6;111.0741111394
2453;2453;75.9;6.15;111.5856823717
2454;2454;75.9;6.3;111.2153445501
2455;2455;75.55;6.85;111.5950684911
2456;2456;75.5;6.65;111.2924729321
2457;2457;75.1;6.25;111.1892140755
2458;2458;75.15;6.25;111.0943457813
2459;2459;75.8;6.35;111.6147329978
2460;2460;75.7;6.45;111.1074697662
2461;2461;75.8;6.85;111.4466292388
2462;2462;75.5;6.5;111.6945140097
2463;2463;75.25;6.25;111.0833911384
2464;2464;75.85;6.3;110.9994850159
2465;2465;75.4;6.75;111.1133877146
2466;2466;75.4;6.9;111.4905636262
2467;2467;75.35;6.65;111.5029640519
2468;2468;75.55;6.2;110.7931047567
2469;2469;75.45;6.65;111.4622803515
2470;2470;75.85;6.75;111.704743495
2471;2471;75.6;6.9;111.4912505281
2472;2472;75.65;6.45;111.5040339039
2473;2473;75.8;6.65;110.8644870855
2474;2474;75.8;6.9;111.3788510778
2475;2475;75.15;6.25;111.4237376543
2476;2476;75.75;6.8;111.0647523348
2477;2477;75.55;6.8;111.0662838132
2478;2478;75.45;6.7;110.9463675162
2479;2479;75.4;6.4;111.3702742467
2480;2480;75.55;6.35;111.4348152064
2481;2481;75.55;6.1;111.217879429
2482;2482;75.85;6.3;111.0354440692
2483;2483;75.8;6.9;111.146271331
2484;2484;75.3;6.35;110.7563280957
2485;2485;75.2;6.5;111.3374934369
2486;2486;75.55;6.25;111.3198968256
2487;2487;75.8;6.7;111.6631282706
2488;2488;75.9;6.4;110.8265881301
2489;2489;75.9;6.5;110.9099798599
2490;2490;75.6;6.75;111.1684135609
2491;2491;75.25;6.1;111.6480132414
2492;2492;75.5;6.1;110.809439258
2493;2493;75.55;6.55;111.1149748874
2494;2494;75.85;6.55;111.1138877704
2495;2495;75.3;6.65;111.2972853028
2496;2496;75.55;6.6;110.9889643856
2497;2497;75.1;6.3;110.7555926333
2498;2498;75.1;6.9;111.6713574464
2499;2499;75.85;6.65;111.4116207133
